{
  "name": "t:sections.footer.name",
  "type": "footer",
  "sections": {
    "footer": {
      "type": "footer",
      "blocks": {
        "footer-2": {
          "type": "text",
          "settings": {
            "heading": "",
            "heading_font": "f-bold",
            "subtext": "<p>Mon – Fri: 10:00am – 7:30pm<\/p><p>Sat: 10:00am – 6:00pm<\/p><p>Sun: 11:00am – 6:00pm<\/p><p><\/p><p>Call us: <a href=\"tel:0123456789\">(012)-345-6789<\/a><\/p><p>Email: <a href=\"mailto:support@concept.com\">support@concept.com<\/a><\/p>",
            "subtext_size": "medium",
            "image": "shopify:\/\/shop_images\/concept-logo_5f74b6f0-f224-434d-a796-b8cad5d7659e.png",
            "image_width": 180,
            "show_social": true,
            "social_media_colors_text": "#2D2D2D",
            "social_media_colors_background": "",
            "social_media_gradient_background": "",
            "margin_bottom": 26,
            "margin_bottom_xs": 30
          }
        },
        "footer-0": {
          "type": "link_list",
          "settings": {
            "heading": "Shop by",
            "heading_font": "f-bold",
            "menu": "footer",
            "custom_separator_color": false,
            "separator_color": "transparent",
            "padding_bottom_xs": 15,
            "padding_top_xs": 15
          }
        },
        "footer-1": {
          "type": "link_list",
          "settings": {
            "heading": "Customer Service",
            "heading_font": "f-bold",
            "menu": "further-info",
            "custom_separator_color": false,
            "separator_color": "transparent",
            "padding_bottom_xs": 15,
            "padding_top_xs": 15
          }
        },
        "3d5e046f-f018-45d1-b98d-d4874a780020": {
          "type": "link_list",
          "settings": {
            "heading": "Furthur Info",
            "heading_font": "f-bold",
            "menu": "customer-service",
            "custom_separator_color": false,
            "separator_color": "transparent",
            "padding_bottom_xs": 15,
            "padding_top_xs": 15
          }
        },
        "17114992-59f7-4a83-bf27-1f00c171e823": {
          "type": "newsletter",
          "settings": {
            "block_width": "default",
            "type_style_newsletter": "default",
            "image_width": 100,
            "heading": "Subscribe to our emails",
            "heading_font": "f-bold",
            "heading_typography": "font-heading",
            "heading_size": "h3",
            "heading_size_step": 0,
            "subtext": "<p>Be the first to know about new collections and exclusive offers.<\/p>",
            "text_size": "medium",
            "text_margin_top": 0,
            "text_margin_bottom": 16,
            "text_alignment": "left",
            "button_label": "",
            "hide_arrow": false,
            "caption": "<p>Learn more about how we protect your personal data by viewing our <a href=\"\/\" target=\"_blank\" title=\"\/\">Privacy Notice<\/a>.<\/p>",
            "caption_size": "medium",
            "check_text": "",
            "show_social": false,
            "social_media_colors_text": "#2D2D2D",
            "social_media_colors_background": "",
            "social_media_gradient_background": "",
            "margin_top": 0,
            "margin_bottom": 0
          }
        }
      },
      "block_order": [
        "footer-2",
        "footer-0",
        "footer-1",
        "3d5e046f-f018-45d1-b98d-d4874a780020",
        "17114992-59f7-4a83-bf27-1f00c171e823"
      ],
      "settings": {
        "type_style": "classic",
        "section_width": "page-width",
        "customize_width": 1800,
        "margin_top": 30,
        "heading_size": "h3",
        "heading_typography": "font-heading",
        "text_size": "default",
        "text_typography": "font-body",
        "link_row_gap": 0,
        "show_line_separator": false,
        "footer_top_padding_top": 80,
        "footer_top_padding_bottom": 65,
        "footer_top_padding_top_mobile": 40,
        "footer_top_padding_bottom_mobile": 40,
        "footer_top_color_scheme": "scheme-de5bbc57-70e1-4dc5-98bc-dfe9a942777b",
        "footer_bot_show_line_separator": false,
        "footer_bottom_padding_top": 26,
        "footer_bottom_padding_bottom": 26,
        "footer_bottom_padding_top_mobile": 30,
        "footer_bottom_padding_bottom_mobile": 30,
        "footer_bottom_color_scheme": "",
        "bottom_text_size": "medium",
        "enable_country_selector": false,
        "enable_language_selector": false,
        "payment_enable": true,
        "show_copyright_and_powered": true,
        "show_policy": false,
        "show_social": false,
        "social_media_colors_text": "#2D2D2D",
        "social_media_colors_background": "",
        "social_media_gradient_background": ""
      }
    }
  },
  "order": [
    "footer"
  ]
}