{
  "name": "t:sections.header.name",
  "type": "header",
  "sections": {
    "announcement-bar": {
      "type": "announcement-bar",
      "blocks": {
        "announcement-bar-0": {
          "type": "announcement",
          "settings": {
            "logo_width": 100,
            "text": "<p>COVID-19 Updates & Shipment Delays. <a href=\"\/collections\" title=\"All collections\">Explore Now<\/a><\/p>"
          }
        },
        "d826dfdb-6961-4fc5-906d-23f75f404022": {
          "type": "announcement",
          "settings": {
            "logo_width": 100,
            "text": "<p>Free Shipping on all orders*. <a href=\"\/collections\" title=\"All collections\">Explore Now<\/a><\/p>"
          }
        }
      },
      "block_order": [
        "announcement-bar-0",
        "d826dfdb-6961-4fc5-906d-23f75f404022"
      ],
      "settings": {
        "text_size": "medium",
        "enable_autoplay": false,
        "change_slides_speed": 5,
        "label_link": "",
        "link": "",
        "label_link_2": "",
        "link_2": "",
        "color_scheme": "scheme-89b6d850-7344-4b60-8a06-5b847e8e19a0",
        "padding_top": 16,
        "padding_bottom": 16,
        "padding_top_mobile": 16,
        "padding_bottom_mobile": 16
      }
    },
    "b38aad37-e5d6-4a4a-9109-e406344cc53a": {
      "type": "link-list",
      "blocks": {
        "sections--16801854095599__b38aad37-e5d6-4a4a-9109-e406344cc53a-167808627045fd9a59-0": {
          "type": "text",
          "settings": {
            "text": "<p><a href=\"tel:(012)-345-6789\" target=\"_blank\" title=\"tel:(012)-345-6789\">(012)-345-6789<\/a><\/p>",
            "background": "",
            "secondary_background": ""
          }
        },
        "sections--16801854095599__b38aad37-e5d6-4a4a-9109-e406344cc53a-167808627045fd9a59-1": {
          "type": "text",
          "settings": {
            "text": "<p>Sale up to 70% off on selected items*<\/p>",
            "background": "",
            "secondary_background": ""
          }
        },
        "sections--16801854095599__b38aad37-e5d6-4a4a-9109-e406344cc53a-167808627045fd9a59-2": {
          "type": "link_list",
          "settings": {
            "link_list": "top-menu",
            "background": "",
            "secondary_background": ""
          }
        }
      },
      "block_order": [
        "sections--16801854095599__b38aad37-e5d6-4a4a-9109-e406344cc53a-167808627045fd9a59-0",
        "sections--16801854095599__b38aad37-e5d6-4a4a-9109-e406344cc53a-167808627045fd9a59-1",
        "sections--16801854095599__b38aad37-e5d6-4a4a-9109-e406344cc53a-167808627045fd9a59-2"
      ],
      "settings": {
        "section_width": "page-width",
        "type_layout": "scroll",
        "text_size": "medium",
        "enable_pagination_type": "all",
        "color_scheme": "",
        "use_custom_color": true,
        "colors_text": "#424242",
        "colors_background": "",
        "gradient_background": "linear-gradient(-90deg, rgba(246, 238, 227, 1), rgba(223, 244, 247, 1) 100%)",
        "padding_top": 9,
        "padding_bottom": 9
      }
    },
    "header": {
      "type": "header",
      "blocks": {
        "87f8d565-83ad-4293-9399-b59858a4c494": {
          "type": "mega_menu_1",
          "settings": {
            "menu_item": "Shops",
            "section_width": "customized-width",
            "customize_width": 1400,
            "image_1": "shopify:\/\/shop_images\/mega-menu-furniture-6.jpg",
            "text_image_1": "Beyond templates, Beyond boundaries",
            "link_image_1": "",
            "image_overlay_opacity": 30,
            "color_overlay_opacity": "#000000"
          }
        },
        "mega_menu_2_RXhWhc": {
          "type": "mega_menu_2",
          "settings": {
            "menu_item": "Theme Demo",
            "section_width": "customized-width",
            "customize_width": 1400,
            "image_1": "shopify:\/\/shop_images\/mega-menu-furniture-1.jpg",
            "text_image_1": "Your Sample Texts",
            "link_image_1": "",
            "image_2": "shopify:\/\/shop_images\/mega-menu-furniture-2.jpg",
            "text_image_2": "Your Sample Texts",
            "link_image_2": "",
            "image_3": "shopify:\/\/shop_images\/mega-menu-furniture-3.jpg",
            "text_image_3": "Your Sample Texts",
            "link_image_3": "",
            "image_4": "shopify:\/\/shop_images\/mega-menu-furniture-4.jpg",
            "text_image_4": "Your Sample Texts",
            "link_image_4": ""
          }
        },
        "mega_menu_1_XnYVE9": {
          "type": "mega_menu_1",
          "settings": {
            "menu_item": "Products",
            "section_width": "customized-width",
            "customize_width": 1400,
            "image_1": "shopify:\/\/shop_images\/mega-menu-furniture-5.jpg",
            "text_image_1": "Unleash the extraordinary with CONCEPT",
            "link_image_1": "",
            "image_overlay_opacity": 30,
            "color_overlay_opacity": "#000000"
          }
        }
      },
      "block_order": [
        "87f8d565-83ad-4293-9399-b59858a4c494",
        "mega_menu_2_RXhWhc",
        "mega_menu_1_XnYVE9"
      ],
      "settings": {
        "section_width": "page-width",
        "customize_width": 1800,
        "type_style": "classic",
        "show_line_separator": true,
        "type_sticky_header": "scroll-up",
        "color_scheme": "",
        "text_size": "medium",
        "font_transform": "capitalize",
        "enable_transparent": true,
        "logo_transparent": "shopify:\/\/shop_images\/Logo-1.png",
        "color_opacity_1": 100,
        "text_transparent": "#ffffff",
        "color_opacity_2": 70,
        "logo": "shopify:\/\/shop_images\/concept-logo_5f74b6f0-f224-434d-a796-b8cad5d7659e.png",
        "logo_width": 180,
        "logo_position": "middle-left",
        "logo_alignment_desktop": "start",
        "menu": "main-menu",
        "menu_alignment_desktop": "center",
        "spacing_gap": 20,
        "menu_transform": "capitalize",
        "link_type": "line",
        "use_custom_button": false,
        "use_button_label": "Button label",
        "use_button_link": "",
        "icon_type_style": "classic",
        "enable_search": true,
        "enable_account": true,
        "enable_cart": true,
        "enable_wishlist": false,
        "enable_country_selector": false,
        "enable_language_selector": false,
        "function_alignment_desktop": "end",
        "enable_search_mobile": true,
        "enable_account_mobile": true,
        "enable_cart_mobile": true,
        "enable_wishlist_mobile": false,
        "enable_country_selector_mobile": true,
        "enable_language_selector_mobile": true,
        "mobile_logo_position": "center",
        "padding_top": 16,
        "padding_bottom": 16
      }
    }
  },
  "order": [
    "announcement-bar",
    "b38aad37-e5d6-4a4a-9109-e406344cc53a",
    "header"
  ]
}