{
  "sections": {
    "12b81e44-2b28-427b-9080-19dfb79fd112": {
      "type": "slideshow",
      "blocks": {
        "template--16793024757999__12b81e44-2b28-427b-9080-19dfb79fd112-1676275303a720accc-0": {
          "type": "slide",
          "settings": {
            "image": "shopify:\/\/shop_images\/Large-Banner-Slide-1.jpg",
            "content_max_width": 500,
            "heading_font": "font-heading",
            "heading": "Huge Saving on Sofas & Dining Sets",
            "heading_size": "large",
            "heading_margin_bottom": 20,
            "subheading": "Save up to 60% off on selected items.",
            "subheading_size": "medium",
            "subheading_margin_bottom": 30,
            "box_align": "bottom-left",
            "text_alignment": "left",
            "image_overlay_opacity": 30,
            "color_overlay_opacity": "#000000",
            "primary_button_label": "Shop Sofas",
            "primary_button_link": "shopify:\/\/collections\/sofas",
            "secondary_button_label": "Shop Dining Sets",
            "secondary_button_link": "shopify:\/\/collections\/chairs",
            "button_transparent": "transparent",
            "button_spacing_between": 10,
            "buttons_direction": "vertical",
            "padding_top_bottom": 100,
            "padding_left_right": 88
          }
        },
        "template--16793024757999__12b81e44-2b28-427b-9080-19dfb79fd112-1676275303a720accc-1": {
          "type": "slide",
          "settings": {
            "image": "shopify:\/\/shop_images\/Large-Banner-Slide-2.jpg",
            "content_max_width": 550,
            "heading_font": "font-heading",
            "heading": "Huge Saving on Bedroom Interior",
            "heading_size": "large",
            "heading_margin_bottom": 20,
            "subheading": "Save up to 70% off on selected items.",
            "subheading_size": "medium",
            "subheading_margin_bottom": 30,
            "box_align": "bottom-right",
            "text_alignment": "right",
            "image_overlay_opacity": 30,
            "color_overlay_opacity": "#000000",
            "primary_button_label": "Shop Sofas",
            "primary_button_link": "shopify:\/\/collections\/sectional-sofas",
            "secondary_button_label": "Shop Dining Sets",
            "secondary_button_link": "shopify:\/\/collections\/chairs-1",
            "button_transparent": "transparent",
            "button_spacing_between": 10,
            "buttons_direction": "vertical",
            "padding_top_bottom": 100,
            "padding_left_right": 88
          }
        }
      },
      "block_order": [
        "template--16793024757999__12b81e44-2b28-427b-9080-19dfb79fd112-1676275303a720accc-0",
        "template--16793024757999__12b81e44-2b28-427b-9080-19dfb79fd112-1676275303a720accc-1"
      ],
      "settings": {
        "section_width": "page-width",
        "customize_width": 1600,
        "image_ratio": "adapt-image",
        "image_ratio_mobile": "650px",
        "color_scheme": "accent-1",
        "arrows_type": "lg",
        "arrows_position": "middle-center",
        "carousel_infinite_scroll": true,
        "enable_autoplay": false,
        "color_autoplay": "#ffffff",
        "change_slides_speed": 9,
        "enable_pagination_type": "all",
        "pagination_type": "dots",
        "image_behavior": "none",
        "accessibility_info": "Slideshow about our brand"
      }
    },
    "41769cb9-5f5a-4896-9da0-2d3bf33aef1e": {
      "type": "icon-with-text",
      "blocks": {
        "template--16801853964527__41769cb9-5f5a-4896-9da0-2d3bf33aef1e-167645567188716da0-0": {
          "type": "item",
          "settings": {
            "icon": "truck",
            "enable_custom_size_icon": false,
            "custom_size_icon": 30,
            "custom_icon_background": "",
            "heading": "",
            "use_custom_heading": false,
            "custom_heading_size": "default",
            "text": "<p>Free Shipping on all orders*<\/p>",
            "link_label": "",
            "link": "shopify:\/\/collections"
          }
        },
        "template--16801853964527__41769cb9-5f5a-4896-9da0-2d3bf33aef1e-167645567188716da0-1": {
          "type": "item",
          "settings": {
            "icon": "return",
            "enable_custom_size_icon": false,
            "custom_size_icon": 30,
            "custom_icon_background": "",
            "heading": "",
            "use_custom_heading": false,
            "custom_heading_size": "default",
            "text": "<p>90 Day Free Returns<\/p>",
            "link_label": "",
            "link": "shopify:\/\/collections"
          }
        },
        "template--16801853964527__41769cb9-5f5a-4896-9da0-2d3bf33aef1e-167645567188716da0-2": {
          "type": "item",
          "settings": {
            "icon": "heart_calendar",
            "enable_custom_size_icon": false,
            "custom_size_icon": 30,
            "custom_icon_background": "",
            "heading": "",
            "use_custom_heading": false,
            "custom_heading_size": "default",
            "text": "<p>Lifetime Warranty Guarantee*<\/p>",
            "link_label": "",
            "link": "shopify:\/\/collections"
          }
        },
        "template--16801853964527__41769cb9-5f5a-4896-9da0-2d3bf33aef1e-167645567188716da0-3": {
          "type": "item",
          "settings": {
            "icon": "box",
            "enable_custom_size_icon": false,
            "custom_size_icon": 30,
            "custom_icon_background": "",
            "heading": "",
            "use_custom_heading": false,
            "custom_heading_size": "default",
            "text": "<p>Free In-Store Pickup<\/p>",
            "link_label": "",
            "link": "shopify:\/\/collections"
          }
        }
      },
      "block_order": [
        "template--16801853964527__41769cb9-5f5a-4896-9da0-2d3bf33aef1e-167645567188716da0-0",
        "template--16801853964527__41769cb9-5f5a-4896-9da0-2d3bf33aef1e-167645567188716da0-1",
        "template--16801853964527__41769cb9-5f5a-4896-9da0-2d3bf33aef1e-167645567188716da0-2",
        "template--16801853964527__41769cb9-5f5a-4896-9da0-2d3bf33aef1e-167645567188716da0-3"
      ],
      "settings": {
        "type_style": "classic",
        "section_width": "customized-width",
        "customize_width": 1200,
        "heading": "",
        "heading_size": "default",
        "text": "",
        "text_margin_top": 16,
        "text_alignment": "left",
        "margin_bottom": 60,
        "blocks_heading_font": "font-body",
        "blocks_heading_size": "h4",
        "blocks_text_size": "default",
        "color_scheme": "",
        "use_custom_color": true,
        "colors_text": "#424242",
        "colors_background": "",
        "gradient_background": "linear-gradient(90deg, rgba(246, 238, 227, 1), rgba(223, 244, 247, 1) 100%)",
        "layout": "horizontal",
        "enable_background_icon": true,
        "type_vertical": "carousel",
        "arrows_type": "all",
        "text_animation": "none",
        "padding_top": 25,
        "padding_bottom": 25,
        "padding_top_mobile": 12,
        "padding_bottom_mobile": 12
      }
    },
    "a0b92d9e-e25a-4de9-9035-373ef5c4d596": {
      "type": "collection-list",
      "blocks": {
        "11cc0144-b0fb-4f1d-a415-bd1d8a50ff45": {
          "type": "collection",
          "settings": {
            "collection": "sofas"
          }
        },
        "3d65e484-cedc-409d-8bd1-e6722f400bb7": {
          "type": "collection",
          "settings": {
            "collection": "sectional-sofas"
          }
        },
        "9f53099d-0898-4a6b-99f7-638915d3e2c5": {
          "type": "collection",
          "settings": {
            "collection": "chairs"
          }
        },
        "9298a67d-a92b-452c-9c21-14a031c2a4c3": {
          "type": "collection",
          "settings": {
            "collection": "bedrooms"
          }
        },
        "fb7172ca-46fa-42a1-826f-3bb34a5e8b86": {
          "type": "collection",
          "settings": {
            "collection": "living-room"
          }
        },
        "004436e0-e2cf-4a59-bf91-6668d2138e8f": {
          "type": "collection",
          "settings": {
            "collection": "home-decor"
          }
        },
        "a7e7e249-f6e6-4b09-9bef-19db66cbd683": {
          "type": "collection",
          "settings": {
            "collection": "sofas"
          }
        }
      },
      "block_order": [
        "11cc0144-b0fb-4f1d-a415-bd1d8a50ff45",
        "3d65e484-cedc-409d-8bd1-e6722f400bb7",
        "9f53099d-0898-4a6b-99f7-638915d3e2c5",
        "9298a67d-a92b-452c-9c21-14a031c2a4c3",
        "fb7172ca-46fa-42a1-826f-3bb34a5e8b86",
        "004436e0-e2cf-4a59-bf91-6668d2138e8f",
        "a7e7e249-f6e6-4b09-9bef-19db66cbd683"
      ],
      "settings": {
        "type_style": "classic",
        "heading": "Explore each unique collection",
        "heading_size": "default",
        "heading_margin_bottom": 25,
        "show_view_all": false,
        "text_view_all": "",
        "button_transparent": "transparent",
        "show_line_separator": true,
        "header_alignment": "left",
        "image_width": "auto",
        "image_ratio": "adapt",
        "height_odd_image": 150,
        "height_even_image": 100,
        "blocks_heading_size": "text-body",
        "font_transform": "uppercase",
        "text_alignment": "center",
        "color_scheme": "",
        "use_custom_color": false,
        "colors_background": "",
        "gradient_background": "transparent",
        "enable_carousel": true,
        "carousel_gap": 25,
        "arrows_type": "all",
        "carousel_infinite_scroll": false,
        "columns_desktop": 6,
        "columns_mobile": "2",
        "image_animation": "zoom-in",
        "text_animation": "fade-up",
        "padding_top": 70,
        "padding_bottom": 70,
        "padding_top_mobile": 35,
        "padding_bottom_mobile": 43
      }
    },
    "955f0cdf-8c84-4c14-93da-3c4ac2383e85": {
      "type": "featured-collection",
      "blocks": {
        "a248eb7f-adc2-4cd2-a7d2-62363e171c97": {
          "type": "heading",
          "settings": {
            "heading": "Shop the lastest",
            "heading_size": "default",
            "label_view_all": "",
            "show_view_all": "link",
            "text_view_all": "",
            "text_view_all_size": "medium",
            "text_alignment": "left",
            "padding_top": 0,
            "padding_bottom": 30
          }
        }
      },
      "block_order": [
        "a248eb7f-adc2-4cd2-a7d2-62363e171c97"
      ],
      "settings": {
        "section_width": "page-width",
        "customize_width": 1800,
        "show_line_separator_top": false,
        "show_line_separator_bottom": false,
        "collection": "",
        "product_list": [
          "gray-19-5-wide-chair-with-white-pillow-in-wood-frame",
          "116-wide-symmetrical-modular-sofa-chaise",
          "linen-material-upholstered-3-piece-bedroom-set",
          "light-grey-19-5-wide-chair-with-white-pillow-in-wood-frame",
          "wide-linen-blend-left-hand-facing-sofa"
        ],
        "products_to_show": 5,
        "carousel_number": 4,
        "carousel_number_tablet": 3,
        "carousel_number_mobile": "1.5",
        "spacing_desktop": 10,
        "spacing_tablet": 10,
        "spacing_mobile": 10,
        "arrows_type": "md",
        "carousel_infinite_scroll": false,
        "enable_pagination_type": "all",
        "pagination_type": "progressbar",
        "color_scheme": "accent-2",
        "use_background_gradient": false,
        "colors_background_special": "",
        "gradient_background_special": "linear-gradient(215deg, rgba(248, 208, 218, 0.45) 34.38%, rgba(195, 236, 252, 0.45) 73.44%)",
        "text_animation": "none",
        "padding_top": 78,
        "padding_bottom": 51,
        "padding_top_mobile": 35,
        "padding_bottom_mobile": 15
      }
    },
    "3d277f0b-f31b-482d-996e-089de61f3e90": {
      "type": "lookbook",
      "blocks": {
        "template--16801853964527__3d277f0b-f31b-482d-996e-089de61f3e90-167818052563a4fa59-0": {
          "type": "image",
          "settings": {
            "image": "shopify:\/\/shop_images\/Lookbook.jpg",
            "product_1": "116-wide-symmetrical-modular-sofa-chaise",
            "horizontal_1": 32,
            "vertical_1": 26,
            "product_2": "light-grey-chair-and-pillow-from-annies-house",
            "horizontal_2": 19,
            "vertical_2": 60,
            "product_3": "light-grey-wide-tufted-armchair-with-ottoman",
            "horizontal_3": 58,
            "vertical_3": 44,
            "product_4": "",
            "horizontal_4": 53,
            "vertical_4": 75,
            "product_5": "",
            "horizontal_5": 50,
            "vertical_5": 50
          }
        },
        "template--16801853964527__3d277f0b-f31b-482d-996e-089de61f3e90-167818052563a4fa59-1": {
          "type": "image",
          "settings": {
            "image": "shopify:\/\/shop_images\/Lookbook-2.jpg",
            "product_1": "20-wide-tufted-gray-velvet-armchair",
            "horizontal_1": 32,
            "vertical_1": 26,
            "product_2": "",
            "horizontal_2": 19,
            "vertical_2": 60,
            "product_3": "",
            "horizontal_3": 58,
            "vertical_3": 44,
            "product_4": "",
            "horizontal_4": 53,
            "vertical_4": 75,
            "product_5": "",
            "horizontal_5": 50,
            "vertical_5": 50
          }
        }
      },
      "block_order": [
        "template--16801853964527__3d277f0b-f31b-482d-996e-089de61f3e90-167818052563a4fa59-0",
        "template--16801853964527__3d277f0b-f31b-482d-996e-089de61f3e90-167818052563a4fa59-1"
      ],
      "settings": {
        "heading": "Start with these curated spaces",
        "text": "<p>This is where comfort and style meet to blissful perfection. Discover handy tips and styling inspiration.<\/p>",
        "button_label": "Shop The Look",
        "button_link": "shopify:\/\/collections\/home-decor",
        "image_ratio": "adapt",
        "color_scheme": "background-2",
        "arrows_type": "all",
        "carousel_infinite_scroll": false,
        "enable_pagination_type": "all",
        "pagination_type": "none",
        "padding_top": 40,
        "padding_bottom": 100,
        "padding_top_mobile": 20,
        "padding_bottom_mobile": 20
      }
    },
    "496e3ccd-49a7-4461-951f-0d3c7a67bf86": {
      "type": "image-banner",
      "blocks": {
        "template--16801853964527__496e3ccd-49a7-4461-951f-0d3c7a67bf86-1679294957e276c25c-0": {
          "type": "heading",
          "settings": {
            "heading": "High-end sectional sofas  with luxury comfy chaise  lounges",
            "heading_size": "large",
            "padding_top": 0,
            "padding_bottom": 15
          }
        },
        "template--16801853964527__496e3ccd-49a7-4461-951f-0d3c7a67bf86-1679294957e276c25c-1": {
          "type": "text",
          "settings": {
            "text": "<p>When a couch just isn’t enough, and you prefer the ultimate in style and luxury, shop Concept. We carry many different types of sectional sofas, from upholstered designs to leather-wrapped masterpieces, and everything in between.<\/p>",
            "text_size": "medium",
            "padding_top": 10,
            "padding_bottom": 19
          }
        },
        "template--16801853964527__496e3ccd-49a7-4461-951f-0d3c7a67bf86-1679294957e276c25c-2": {
          "type": "buttons",
          "settings": {
            "button_transparent": "transparent",
            "primary_button_label": "Shop Sectional Sofas",
            "primary_button_link": "shopify:\/\/collections\/living-room",
            "secondary_button_label": "",
            "secondary_button_link": "",
            "padding_top": 19,
            "padding_bottom": 0
          }
        }
      },
      "block_order": [
        "template--16801853964527__496e3ccd-49a7-4461-951f-0d3c7a67bf86-1679294957e276c25c-0",
        "template--16801853964527__496e3ccd-49a7-4461-951f-0d3c7a67bf86-1679294957e276c25c-1",
        "template--16801853964527__496e3ccd-49a7-4461-951f-0d3c7a67bf86-1679294957e276c25c-2"
      ],
      "settings": {
        "section_width": "full-width",
        "customize_width": 1800,
        "custom_rouded": false,
        "custom_block_rouded": 0,
        "image": "shopify:\/\/shop_images\/Large-Banner.jpg",
        "content_inside_image_mobile": false,
        "mobile_row_height": 42,
        "desktop_content_position": "top-left",
        "desktop_content_alignment": "left",
        "mobile_content_alignment": "center",
        "custom_content_max_width": true,
        "content_max_width": 490,
        "mobile_color_scheme": "custom",
        "colors_text": "#424242",
        "colors_background": "",
        "gradient_background": "linear-gradient(90deg, rgba(246, 238, 227, 1), rgba(223, 244, 247, 1) 100%)",
        "color_scheme": "background-2",
        "image_overlay_opacity": 30,
        "color_overlay_opacity": "#d2d2d2",
        "image_behavior": "none",
        "text_animation": "fade-up",
        "padding_top": 0,
        "padding_bottom": 30,
        "padding_top_mobile": 0,
        "padding_bottom_mobile": 30
      }
    },
    "069a21ef-b01c-4296-b010-b63bc9797851": {
      "type": "newsletter",
      "blocks": {
        "de9e2704-d013-4a24-a9bc-dbd6bb53a15f": {
          "type": "heading",
          "settings": {
            "show_line_separator_top": false,
            "heading": "Subscribe to our emails",
            "heading_size": "default",
            "heading_margin_bottom": 0,
            "description": "",
            "description_size": "medium",
            "text_margin_bottom": 0,
            "text_link": "",
            "primary_text_link": "",
            "padding_top": 0,
            "padding_bottom": 0
          }
        },
        "template--16801853964527__069a21ef-b01c-4296-b010-b63bc9797851-16770759093493e3bb-0": {
          "type": "email_form",
          "settings": {
            "description": "",
            "description_size": "medium",
            "text": "Sign up for our newsletter",
            "button_transparent": "transparent",
            "show_email": false,
            "padding_top": 6,
            "padding_bottom": 6
          }
        }
      },
      "block_order": [
        "de9e2704-d013-4a24-a9bc-dbd6bb53a15f",
        "template--16801853964527__069a21ef-b01c-4296-b010-b63bc9797851-16770759093493e3bb-0"
      ],
      "settings": {
        "type_style": "classic",
        "section_width": "page-width",
        "customize_width": 1800,
        "custom_rouded": false,
        "custom_block_rouded": 0,
        "full_width": true,
        "text_alignment": "left",
        "text_alignment_mobile": "center",
        "use_custom_colors_background_content": true,
        "colors_background_content": "",
        "color_scheme": "background-2",
        "use_custom_color": true,
        "colors_text": "#424242",
        "colors_background": "#f6eee3",
        "gradient_background": "",
        "padding_top": 20,
        "padding_bottom": 20,
        "padding_top_mobile": 13,
        "padding_bottom_mobile": 13
      }
    },
    "2c0f3337-8adc-4a53-bad5-fa7e4e5087e1": {
      "type": "video",
      "blocks": {
        "b59ba8f4-c1a7-41a9-8f15-0a593d92e4c7": {
          "type": "heading",
          "settings": {
            "heading": "Let’s Decorative",
            "heading_size": "default",
            "padding_top": 0,
            "padding_bottom": 5
          }
        },
        "8fe32ac9-ea64-43a3-a6f9-4f085f4f402e": {
          "type": "text",
          "settings": {
            "text": "<p>It’s never too early to start spreading some cheer. Plan and prep your holiday wonderland now so you won’t miss a moment of the joy and magic of the season.<\/p>",
            "padding_top": 10,
            "padding_bottom": 19
          }
        },
        "17d80df2-58ca-4c35-8cfa-9c030ace856a": {
          "type": "buttons",
          "settings": {
            "primary_button_label": "Shop Christmas",
            "primary_button_link": "shopify:\/\/collections\/sectional-sofas",
            "secondary_button_label": "",
            "secondary_button_link": "",
            "padding_top": 19,
            "padding_bottom": 0
          }
        }
      },
      "block_order": [
        "b59ba8f4-c1a7-41a9-8f15-0a593d92e4c7",
        "8fe32ac9-ea64-43a3-a6f9-4f085f4f402e",
        "17d80df2-58ca-4c35-8cfa-9c030ace856a"
      ],
      "settings": {
        "cover_image": "shopify:\/\/shop_images\/Custom_Block_Video.jpg",
        "use_custom_colors_background": false,
        "custom_colors_background": "#021F3C",
        "video_url": "https:\/\/www.youtube.com\/watch?v=_Xp1kODwk4I",
        "description": "",
        "enable_autoplay": true,
        "enable_video_looping": true,
        "video_play_type": "icon",
        "desktop_content_position": "top-right",
        "desktop_content_alignment": "left",
        "mobile_content_alignment": "center",
        "mobile_color_scheme": "default",
        "colors_text": "#424242",
        "colors_background": "",
        "gradient_background": "linear-gradient(90deg, rgba(246, 238, 227, 1), rgba(223, 244, 247, 1) 100%)",
        "color_scheme": "accent-1",
        "image_overlay_opacity": 40,
        "color_overlay_opacity": "#000000",
        "below_text": "<p>End of Season. <\/p>",
        "below_link_text": "Save 50% off Decorative",
        "below_link": "",
        "text_animation": "fade-up",
        "padding_top": 65,
        "padding_bottom": 55,
        "padding_top_mobile": 15,
        "padding_bottom_mobile": 20
      }
    },
    "cf17315b-8775-4564-8c4f-52a09f5fdd5b": {
      "type": "featured-collection-tab",
      "blocks": {
        "template--16801853964527__cf17315b-8775-4564-8c4f-52a09f5fdd5b-167809682114ef6fea-0": {
          "type": "tab",
          "settings": {
            "heading": "Living room",
            "collection": "new-in-bedroom",
            "image": "shopify:\/\/shop_images\/living-room.jpg",
            "colors_text": "#000000"
          }
        },
        "template--16801853964527__cf17315b-8775-4564-8c4f-52a09f5fdd5b-167809682114ef6fea-1": {
          "type": "tab",
          "settings": {
            "heading": "Dinning room",
            "collection": "dinning-room",
            "image": "shopify:\/\/shop_images\/dining.jpg",
            "colors_text": "#000000"
          }
        },
        "template--16801853964527__cf17315b-8775-4564-8c4f-52a09f5fdd5b-167809682114ef6fea-2": {
          "type": "tab",
          "settings": {
            "heading": "Kitchen",
            "collection": "kitchen-appliances",
            "image": "shopify:\/\/shop_images\/kitchen.jpg",
            "colors_text": "#000000"
          }
        },
        "e42bda1d-be98-4e1c-b27f-a94ddda32cd8": {
          "type": "tab",
          "settings": {
            "heading": "Bedroom",
            "collection": "bedrooms",
            "image": "shopify:\/\/shop_images\/bedroom.jpg",
            "colors_text": "#000000"
          }
        },
        "5bc4207e-f85b-4b7a-b4f7-e5e8a7f7314d": {
          "type": "tab",
          "settings": {
            "heading": "Decor",
            "collection": "kitchen-appliances",
            "image": "shopify:\/\/shop_images\/decor.jpg",
            "colors_text": "#000000"
          }
        }
      },
      "block_order": [
        "template--16801853964527__cf17315b-8775-4564-8c4f-52a09f5fdd5b-167809682114ef6fea-0",
        "template--16801853964527__cf17315b-8775-4564-8c4f-52a09f5fdd5b-167809682114ef6fea-1",
        "template--16801853964527__cf17315b-8775-4564-8c4f-52a09f5fdd5b-167809682114ef6fea-2",
        "e42bda1d-be98-4e1c-b27f-a94ddda32cd8",
        "5bc4207e-f85b-4b7a-b4f7-e5e8a7f7314d"
      ],
      "settings": {
        "type_style": "classic",
        "show_line_separator": true,
        "heading": "Must have",
        "heading_size": "large",
        "text": "<p><strong>Editor Picks<\/strong>: Discover our curated selections of modern furniture and décor, featuring best selling favorites and fresh design trends.<\/p>",
        "text_alignment": "left",
        "products_to_show": 2,
        "show_view_all": true,
        "color_scheme": "background-2",
        "product_color_scheme": "accent-2",
        "arrows_type": "all",
        "carousel_infinite_scroll": false,
        "enable_pagination_type": "all",
        "pagination_type": "none",
        "image_behavior": "zoom-in",
        "padding_top": 30,
        "padding_bottom": 100,
        "padding_top_mobile": 30,
        "padding_bottom_mobile": 30
      }
    },
    "fbd86f1f-5361-47d5-90dc-a703caed38f7": {
      "type": "multicolumn",
      "blocks": {
        "template--16801853964527__fbd86f1f-5361-47d5-90dc-a703caed38f7-16780729847c74deb1-0": {
          "type": "column",
          "settings": {
            "block_content_max_w": "full",
            "custom_content_max_w": 250,
            "set_border": false,
            "image": "shopify:\/\/shop_images\/image-gallery-1.jpg",
            "content_position": "center",
            "subheading": "",
            "subheading_size": "medium",
            "heading": "The dining room",
            "heading_size": "h1",
            "text": "<p>Browse our wide selection of Kitchen Tables, Dining Room Chairs, Sideboards and more!<\/p>",
            "text_size": "medium",
            "button_type": "standard",
            "button_label": "Shop Dining Room",
            "button_link": "shopify:\/\/collections\/dinning-room"
          }
        },
        "template--16801853964527__fbd86f1f-5361-47d5-90dc-a703caed38f7-16780729847c74deb1-1": {
          "type": "column",
          "settings": {
            "block_content_max_w": "full",
            "custom_content_max_w": 250,
            "set_border": false,
            "image": "shopify:\/\/shop_images\/image-gallery-2.jpg",
            "content_position": "center",
            "subheading": "",
            "subheading_size": "medium",
            "heading": "The living room",
            "heading_size": "h1",
            "text": "<p>Shop Living Room Furniture from Concept. Find stylish home furnishings and decor at great prices!<\/p>",
            "text_size": "medium",
            "button_type": "standard",
            "button_label": "Shop living room",
            "button_link": "shopify:\/\/collections\/living-room"
          }
        },
        "template--16801853964527__fbd86f1f-5361-47d5-90dc-a703caed38f7-16780729847c74deb1-2": {
          "type": "column",
          "settings": {
            "block_content_max_w": "full",
            "custom_content_max_w": 250,
            "set_border": false,
            "image": "shopify:\/\/shop_images\/image-gallery-3.jpg",
            "content_position": "center",
            "subheading": "",
            "subheading_size": "medium",
            "heading": "The bedroom",
            "heading_size": "h1",
            "text": "<p>A beautiful collection of bedroom furniture including tub chairs, bedside tables and wardrobes.<\/p>",
            "text_size": "medium",
            "button_type": "standard",
            "button_label": "Shop Bedroom",
            "button_link": "shopify:\/\/collections\/bedrooms"
          }
        }
      },
      "block_order": [
        "template--16801853964527__fbd86f1f-5361-47d5-90dc-a703caed38f7-16780729847c74deb1-0",
        "template--16801853964527__fbd86f1f-5361-47d5-90dc-a703caed38f7-16780729847c74deb1-1",
        "template--16801853964527__fbd86f1f-5361-47d5-90dc-a703caed38f7-16780729847c74deb1-2"
      ],
      "settings": {
        "content_inside_image": false,
        "heading": "The Concept - design for original homes, explore the best in design",
        "link_label": "Browse All",
        "link": "shopify:\/\/collections",
        "image_ratio": "adapt",
        "text_alignment": "left",
        "button_transparent": "transparent",
        "color_scheme": "background-2",
        "use_custom_color": false,
        "colors_text": "#424242",
        "colors_background": "",
        "gradient_background": "linear-gradient(90deg, rgba(246, 238, 227, 1), rgba(223, 244, 247, 1) 100%)",
        "carousel_gap": 60,
        "carousel_gap_tablet": 40,
        "carousel_gap_mobile": 20,
        "carousel_number": 3,
        "carousel_number_tablet": 1.2,
        "carousel_number_mobile": "1",
        "arrows_type": "all",
        "carousel_infinite_scroll": false,
        "enable_pagination_type": "all",
        "pagination_type": "progressbar",
        "image_animation": "zoom-out",
        "text_animation": "fade-down",
        "margin_top": 40,
        "margin_bottom": 40,
        "padding_top": 70,
        "padding_bottom": 100,
        "padding_top_mobile": 20,
        "padding_bottom_mobile": 20
      }
    },
    "79993e5e-b47d-42d2-8535-5d30f78f1b0f": {
      "type": "image-banner",
      "blocks": {
        "template--16801853964527__79993e5e-b47d-42d2-8535-5d30f78f1b0f-1677220473c4c15372-0": {
          "type": "heading",
          "settings": {
            "heading": "Warehouse sale up to 70% off",
            "heading_size": "default",
            "padding_top": 0,
            "padding_bottom": 10
          }
        },
        "template--16801853964527__79993e5e-b47d-42d2-8535-5d30f78f1b0f-1677220473c4c15372-1": {
          "type": "text",
          "settings": {
            "text": "<p>Thousand of designer pieces from high point furniture market, more to love for even less.<\/p>",
            "text_size": "medium",
            "padding_top": 12,
            "padding_bottom": 12
          }
        },
        "878f867e-5227-4a95-be99-d828d462e84f": {
          "type": "countdown",
          "settings": {
            "time": "10\/07\/2024 11:05:00",
            "colors_text": "#ffffff",
            "colors_background": "#b30e13",
            "gradient_background": "",
            "padding_top": 22,
            "padding_bottom": 22
          }
        },
        "template--16801853964527__79993e5e-b47d-42d2-8535-5d30f78f1b0f-1677220473c4c15372-2": {
          "type": "buttons",
          "settings": {
            "button_transparent": "transparent",
            "primary_button_label": "Grab This Offer",
            "primary_button_link": "shopify:\/\/collections",
            "secondary_button_label": "",
            "secondary_button_link": "",
            "padding_top": 12,
            "padding_bottom": 0
          }
        }
      },
      "block_order": [
        "template--16801853964527__79993e5e-b47d-42d2-8535-5d30f78f1b0f-1677220473c4c15372-0",
        "template--16801853964527__79993e5e-b47d-42d2-8535-5d30f78f1b0f-1677220473c4c15372-1",
        "878f867e-5227-4a95-be99-d828d462e84f",
        "template--16801853964527__79993e5e-b47d-42d2-8535-5d30f78f1b0f-1677220473c4c15372-2"
      ],
      "settings": {
        "section_width": "full-width",
        "customize_width": 1800,
        "custom_rouded": false,
        "custom_block_rouded": 0,
        "image": "shopify:\/\/shop_images\/Parallax.jpg",
        "content_inside_image_mobile": false,
        "mobile_row_height": 42,
        "desktop_content_position": "middle-right",
        "desktop_content_alignment": "left",
        "mobile_content_alignment": "center",
        "custom_content_max_width": false,
        "content_max_width": 500,
        "mobile_color_scheme": "custom",
        "colors_text": "#424242",
        "colors_background": "",
        "gradient_background": "linear-gradient(90deg, rgba(246, 238, 227, 1), rgba(223, 244, 247, 1) 100%)",
        "color_scheme": "accent-1",
        "image_overlay_opacity": 30,
        "color_overlay_opacity": "#000000",
        "image_behavior": "fixed",
        "text_animation": "fade-up",
        "padding_top": 0,
        "padding_bottom": 0,
        "padding_top_mobile": 0,
        "padding_bottom_mobile": 0
      }
    },
    "0b6105a9-a3ce-4181-b45b-7a55c709e140": {
      "type": "marquee",
      "blocks": {
        "marquee_6FBeq9": {
          "type": "marquee",
          "settings": {
            "type_marquee": "text",
            "text": "<p>Huge Savings<\/p>",
            "set_transparent_text": false,
            "enable_color_underline": false,
            "colors_underline": "#000000",
            "options_colors_underline": "full",
            "image_height": 152,
            "link": ""
          }
        },
        "marquee_aGCjeG": {
          "type": "marquee",
          "settings": {
            "type_marquee": "text",
            "text": "<p>Immediate Delivery<\/p>",
            "set_transparent_text": false,
            "enable_color_underline": false,
            "colors_underline": "#000000",
            "options_colors_underline": "full",
            "image_height": 152,
            "link": ""
          }
        }
      },
      "block_order": [
        "marquee_6FBeq9",
        "marquee_aGCjeG"
      ],
      "settings": {
        "section_width": "full-width",
        "customize_width": 1800,
        "enable_full_width": false,
        "enable_cursor_hover": false,
        "show_line_separator": false,
        "duration_speed": 30,
        "heading_font": "font-heading",
        "heading_size": "medium",
        "type_separating": "dots",
        "custom_between": false,
        "carousel_gap": 30,
        "color_scheme": "",
        "use_custom_color": true,
        "colors_text": "#ffffff",
        "colors_background": "#2a6876",
        "gradient_background": "",
        "padding_top": 26,
        "padding_bottom": 26,
        "padding_top_mobile": 15,
        "padding_bottom_mobile": 15
      }
    },
    "a024c8eb-434c-4f3b-9b6f-fa863c502e3f": {
      "type": "featured-images",
      "blocks": {
        "template--16801853964527__a024c8eb-434c-4f3b-9b6f-fa863c502e3f-1678163881158eb43e-0": {
          "type": "image",
          "settings": {
            "image": "shopify:\/\/shop_images\/image-gallery-instagram-1.jpg",
            "link": "shopify:\/\/collections"
          }
        },
        "template--16801853964527__a024c8eb-434c-4f3b-9b6f-fa863c502e3f-1678163881158eb43e-1": {
          "type": "image",
          "settings": {
            "image": "shopify:\/\/shop_images\/image-gallery-instagram-2.jpg",
            "link": "shopify:\/\/collections"
          }
        },
        "template--16801853964527__a024c8eb-434c-4f3b-9b6f-fa863c502e3f-1678163881158eb43e-2": {
          "type": "image",
          "settings": {
            "image": "shopify:\/\/shop_images\/image-gallery-instagram-3.jpg",
            "link": ""
          }
        }
      },
      "block_order": [
        "template--16801853964527__a024c8eb-434c-4f3b-9b6f-fa863c502e3f-1678163881158eb43e-0",
        "template--16801853964527__a024c8eb-434c-4f3b-9b6f-fa863c502e3f-1678163881158eb43e-1",
        "template--16801853964527__a024c8eb-434c-4f3b-9b6f-fa863c502e3f-1678163881158eb43e-2"
      ],
      "settings": {
        "heading": "Meet ― the room edit",
        "heading_size": "large",
        "text": "<p>Real life shots of our furniture in action.<\/p>",
        "link_label": "",
        "link": "",
        "heading_alignment": "start",
        "image_ratio": "adapt",
        "color_scheme": "",
        "use_custom_color": false,
        "colors_text": "#424242",
        "colors_background": "",
        "gradient_background": "linear-gradient(90deg, rgba(246, 238, 227, 1), rgba(223, 244, 247, 1) 100%)",
        "carousel_number": 2.6,
        "carousel_number_tablet": 2.5,
        "carousel_number_mobile": "1",
        "spacing_desktop": 10,
        "spacing_tablet": 10,
        "spacing_mobile": 10,
        "arrows_type": "all",
        "carousel_infinite_scroll": false,
        "enable_pagination_type": "all",
        "pagination_type": "progressbar",
        "image_animation": "zoom-out",
        "padding_top": 100,
        "padding_bottom": 100,
        "padding_top_mobile": 40,
        "padding_bottom_mobile": 40
      }
    },
    "0881b6d5-8726-49d5-9f2b-594d22419cf7": {
      "type": "testimonial",
      "blocks": {
        "template--16801853964527__0881b6d5-8726-49d5-9f2b-594d22419cf7-16783496814c77a5b5-0": {
          "type": "slide",
          "settings": {
            "heading": "WHAT OUR CUSTOMERS SAY",
            "text": "<p>Loving it so far. Anxious to see future slip covers in new fabrics. A little deeper than our previous sofa, my feet don't touch the floor unless I put a pillow behind my back. Comfy for naps!<\/p>",
            "name": "John Smith",
            "rating": "5",
            "box_align": "top-left",
            "text_alignment": "left"
          }
        },
        "template--16801853964527__0881b6d5-8726-49d5-9f2b-594d22419cf7-16783496814c77a5b5-1": {
          "type": "slide",
          "settings": {
            "heading": "WHAT OUR CUSTOMERS SAY",
            "text": "<p>Loving it so far. Anxious to see future slip covers in new fabrics. A little deeper than our previous sofa, my feet don't touch the floor unless I put a pillow behind my back. Comfy for naps!<\/p>",
            "name": "Rebecca Minkoff",
            "rating": "5",
            "box_align": "top-left",
            "text_alignment": "left"
          }
        }
      },
      "block_order": [
        "template--16801853964527__0881b6d5-8726-49d5-9f2b-594d22419cf7-16783496814c77a5b5-0",
        "template--16801853964527__0881b6d5-8726-49d5-9f2b-594d22419cf7-16783496814c77a5b5-1"
      ],
      "settings": {
        "type_style": "classic",
        "heading": "",
        "heading_size": "medium",
        "heading_alignment": "center",
        "margin_bottom": 8,
        "use_bg_image": true,
        "image": "shopify:\/\/shop_images\/Customer-Review-Background_bcf153f5-5019-4863-abcf-be93c4a0abdf.jpg",
        "color_scheme": "scheme-06080b3f-4cd8-4a34-99a2-b3f3ed18987c",
        "use_custom_color": true,
        "colors_text": "#2d2d2d",
        "colors_background": "#f8f0e7",
        "gradient_background": "",
        "arrows_type": "lg",
        "carousel_infinite_scroll": true,
        "enable_autoplay": false,
        "change_slides_speed": 5,
        "enable_pagination_type": "all",
        "pagination_type": "dots",
        "padding_top": 0,
        "padding_bottom": 0,
        "padding_top_mobile": 0,
        "padding_bottom_mobile": 0
      }
    },
    "2b5c5191-3dad-4a69-abcc-1fbab8d28ff2": {
      "type": "brand-list",
      "blocks": {
        "template--16801853964527__2b5c5191-3dad-4a69-abcc-1fbab8d28ff2-16792856238d205bb8-0": {
          "type": "brand",
          "settings": {
            "image": "shopify:\/\/shop_images\/1_c98581d7-b147-4450-9532-86c61a6a169c.png",
            "link": "shopify:\/\/collections"
          }
        },
        "template--16801853964527__2b5c5191-3dad-4a69-abcc-1fbab8d28ff2-16792856238d205bb8-1": {
          "type": "brand",
          "settings": {
            "image": "shopify:\/\/shop_images\/2_80210422-4af8-4b62-af71-fe5e8f8c86c0.png",
            "link": "shopify:\/\/collections"
          }
        },
        "template--16801853964527__2b5c5191-3dad-4a69-abcc-1fbab8d28ff2-16792856238d205bb8-2": {
          "type": "brand",
          "settings": {
            "image": "shopify:\/\/shop_images\/featured-brand-3_81dd0409-5256-4bda-84c3-8cc60d9ef707.png",
            "link": "shopify:\/\/collections"
          }
        },
        "template--16801853964527__2b5c5191-3dad-4a69-abcc-1fbab8d28ff2-16792856238d205bb8-3": {
          "type": "brand",
          "settings": {
            "image": "shopify:\/\/shop_images\/featured-brand-4_b80a13a2-e004-4007-b876-d077524587c2.png",
            "link": "shopify:\/\/collections"
          }
        },
        "template--16801853964527__2b5c5191-3dad-4a69-abcc-1fbab8d28ff2-16792856238d205bb8-4": {
          "type": "brand",
          "settings": {
            "image": "shopify:\/\/shop_images\/5_4669bcf7-abf9-4c0c-81cf-21db02506cd9.png",
            "link": "shopify:\/\/collections"
          }
        },
        "template--16801853964527__2b5c5191-3dad-4a69-abcc-1fbab8d28ff2-16792856238d205bb8-5": {
          "type": "brand",
          "settings": {
            "image": "shopify:\/\/shop_images\/featured-brand-6.png",
            "link": "shopify:\/\/collections"
          }
        }
      },
      "block_order": [
        "template--16801853964527__2b5c5191-3dad-4a69-abcc-1fbab8d28ff2-16792856238d205bb8-0",
        "template--16801853964527__2b5c5191-3dad-4a69-abcc-1fbab8d28ff2-16792856238d205bb8-1",
        "template--16801853964527__2b5c5191-3dad-4a69-abcc-1fbab8d28ff2-16792856238d205bb8-2",
        "template--16801853964527__2b5c5191-3dad-4a69-abcc-1fbab8d28ff2-16792856238d205bb8-3",
        "template--16801853964527__2b5c5191-3dad-4a69-abcc-1fbab8d28ff2-16792856238d205bb8-4",
        "template--16801853964527__2b5c5191-3dad-4a69-abcc-1fbab8d28ff2-16792856238d205bb8-5"
      ],
      "settings": {
        "section_width": "page-width",
        "customize_width": 1800,
        "title": "",
        "title_size": "medium",
        "colors_title": "#666666",
        "content": "",
        "content_size": "default",
        "content_margin_bottom": 100,
        "text_view_all": "",
        "primary_text_link": "",
        "button_transparent": "transparent",
        "button_margin_top": 38,
        "type_display": "scroll",
        "enable_pagination_type": "all",
        "pagination_type": "dots",
        "pagination_spacing_top": 50,
        "carousel_number": 3,
        "carousel_number_tablet": 3,
        "carousel_number_mobile": 1,
        "color_scheme": "",
        "use_custom_color": true,
        "colors_background": "#f8f0e7",
        "gradient_background": "",
        "image_animation": "fade-up",
        "padding_top": 43,
        "padding_bottom": 45,
        "padding_top_mobile": 22,
        "padding_bottom_mobile": 23
      }
    }
  },
  "order": [
    "12b81e44-2b28-427b-9080-19dfb79fd112",
    "41769cb9-5f5a-4896-9da0-2d3bf33aef1e",
    "a0b92d9e-e25a-4de9-9035-373ef5c4d596",
    "955f0cdf-8c84-4c14-93da-3c4ac2383e85",
    "3d277f0b-f31b-482d-996e-089de61f3e90",
    "496e3ccd-49a7-4461-951f-0d3c7a67bf86",
    "069a21ef-b01c-4296-b010-b63bc9797851",
    "2c0f3337-8adc-4a53-bad5-fa7e4e5087e1",
    "cf17315b-8775-4564-8c4f-52a09f5fdd5b",
    "fbd86f1f-5361-47d5-90dc-a703caed38f7",
    "79993e5e-b47d-42d2-8535-5d30f78f1b0f",
    "0b6105a9-a3ce-4181-b45b-7a55c709e140",
    "a024c8eb-434c-4f3b-9b6f-fa863c502e3f",
    "0881b6d5-8726-49d5-9f2b-594d22419cf7",
    "2b5c5191-3dad-4a69-abcc-1fbab8d28ff2"
  ]
}