{
  "name": "t:sections.footer.name",
  "type": "footer",
  "sections": {
    "footer": {
      "type": "footer",
      "blocks": {
        "c0ae8b79-fb22-42b7-95ae-74f514597c50": {
          "type": "newsletter",
          "settings": {
            "block_width": "full-width",
            "type_style_newsletter": "special",
            "image_width": 100,
            "heading": "SIGN UP FOR OUR NEWSLETTER",
            "heading_font": "font-heading",
            "heading_typography": "font-heading",
            "heading_size": "medium",
            "heading_size_step": 0,
            "subtext": "<p>Enter you email below to receive special offers, exclusive discounts and more!<\/p>",
            "text_size": "small",
            "text_margin_top": 13,
            "text_margin_bottom": 16,
            "text_alignment": "center",
            "button_label": "SUBMIT",
            "hide_arrow": false,
            "caption": "",
            "caption_size": "medium",
            "check_text": "<p>By providing your email, you consent to our <a href=\"\/collections\/all\" title=\"All\">Privacy Policy<\/a> and <a href=\"\/collections\/all\" title=\"All\">Terms & Conditions<\/a>.<\/p>",
            "show_social": false,
            "social_media_colors_text": "#2d2d2d",
            "social_media_colors_background": "",
            "social_media_gradient_background": "",
            "margin_top": 0,
            "margin_bottom": 31
          }
        },
        "ff01bea3-00c0-4239-bf04-055f19495f9d": {
          "type": "social",
          "settings": {
            "heading": "STAY CONNECTED",
            "heading_font": "f-w-600",
            "social_heading_size": "small",
            "social_media_colors_text": "#ffffff",
            "custom_separator_color": false,
            "separator_color": "rgba(0,0,0,0)",
            "show_appstore": true,
            "heading_app": "MORE WAY TO SHOP",
            "app_heading_size": "small",
            "heading_font_app": "f-w-600",
            "image_1": "shopify:\/\/shop_images\/apple_store.png",
            "appstore_link_1": "",
            "image_2": "shopify:\/\/shop_images\/gg-play.png",
            "appstore_link_2": "",
            "margin_top": 0,
            "margin_bottom": 20,
            "padding_bottom_xs": 15,
            "padding_top_xs": 15
          }
        },
        "footer-2": {
          "type": "text",
          "settings": {
            "heading": "",
            "heading_font": "f-bold",
            "subtext": "<p>Email: sales@halothemes.com<\/p><p>Phone: +1-(123)-456-KELLY<\/p><p>685 Market Street<\/p><p>San Francisco, CA 94105<\/p>",
            "subtext_size": "x-small",
            "image": "shopify:\/\/shop_images\/logo-home-5.png",
            "image_width": 125,
            "show_social": false,
            "social_media_colors_text": "#ffffff",
            "social_media_colors_background": "rgba(0,0,0,0)",
            "social_media_gradient_background": "linear-gradient(180deg, rgba(255, 145, 129, 1), rgba(254, 91, 124, 1) 49%, rgba(255, 140, 162, 1) 100%)",
            "margin_bottom": 0,
            "margin_bottom_xs": 0
          }
        },
        "footer-0": {
          "type": "link_list",
          "settings": {
            "heading": "SHOP",
            "heading_font": "f-bold",
            "menu": "categories-blog-page",
            "custom_separator_color": true,
            "separator_color": "#ffffff",
            "padding_bottom_xs": 6,
            "padding_top_xs": 10
          }
        },
        "footer-1": {
          "type": "link_list",
          "settings": {
            "heading": "FURTHER INFO",
            "heading_font": "f-bold",
            "menu": "further-info",
            "custom_separator_color": true,
            "separator_color": "#ffffff",
            "padding_bottom_xs": 6,
            "padding_top_xs": 16
          }
        },
        "24d4b3c1-dce3-4fd9-b167-41df16cdea48": {
          "type": "link_list",
          "settings": {
            "heading": "CUSTOMER SERVICE",
            "heading_font": "f-bold",
            "menu": "customer-service",
            "custom_separator_color": true,
            "separator_color": "#ffffff",
            "padding_bottom_xs": 6,
            "padding_top_xs": 16
          }
        }
      },
      "block_order": [
        "c0ae8b79-fb22-42b7-95ae-74f514597c50",
        "ff01bea3-00c0-4239-bf04-055f19495f9d",
        "footer-2",
        "footer-0",
        "footer-1",
        "24d4b3c1-dce3-4fd9-b167-41df16cdea48"
      ],
      "settings": {
        "type_style": "modern",
        "section_width": "page-width",
        "customize_width": 1800,
        "margin_top": 0,
        "heading_size": "x-small",
        "heading_typography": "font-heading",
        "text_size": "x-small",
        "text_typography": "font-body",
        "link_row_gap": 6,
        "show_line_separator": false,
        "footer_top_padding_top": 60,
        "footer_top_padding_bottom": 58,
        "footer_top_padding_top_mobile": 19,
        "footer_top_padding_bottom_mobile": 52,
        "footer_top_color_scheme": "accent-1",
        "footer_bot_show_line_separator": true,
        "footer_bottom_padding_top": 38,
        "footer_bottom_padding_bottom": 38,
        "footer_bottom_padding_top_mobile": 16,
        "footer_bottom_padding_bottom_mobile": 16,
        "footer_bottom_color_scheme": "accent-1",
        "bottom_text_size": "x-small",
        "enable_country_selector": false,
        "enable_language_selector": false,
        "payment_enable": true,
        "show_copyright_and_powered": true,
        "show_policy": false,
        "show_social": false,
        "social_media_colors_text": "#2d2d2d",
        "social_media_colors_background": "",
        "social_media_gradient_background": ""
      }
    }
  },
  "order": [
    "footer"
  ]
}