{
  "name": "t:sections.header.name",
  "type": "header",
  "sections": {
    "a3aad950-a3b1-403c-95e1-8fd8c59dc23d": {
      "type": "link-list",
      "blocks": {
        "sections--17089240629487__a3aad950-a3b1-403c-95e1-8fd8c59dc23d-text-1": {
          "type": "text",
          "settings": {
            "text": "<p>SHOP BEAUTY UNDER $19<\/p>",
            "background": "#eddfd7",
            "secondary_background": "#f6f6f4"
          }
        },
        "sections--17089240629487__a3aad950-a3b1-403c-95e1-8fd8c59dc23d-text-2": {
          "type": "text",
          "settings": {
            "text": "<p><a href=\"\/products\/hidden-agenda™-pre-and-post-injection-care-serum\" title=\"Hidden Agenda™ Pre and Post Injection Care Serum\">SHOP BEAUTY UNDER $19<\/a><\/p>",
            "background": "#f6f6f4",
            "secondary_background": "#eddfd7"
          }
        }
      },
      "block_order": [
        "sections--17089240629487__a3aad950-a3b1-403c-95e1-8fd8c59dc23d-text-1",
        "sections--17089240629487__a3aad950-a3b1-403c-95e1-8fd8c59dc23d-text-2"
      ],
      "settings": {
        "section_width": "full-width",
        "type_layout": "carousel",
        "text_size": "small",
        "enable_pagination_type": "all",
        "color_scheme": "",
        "use_custom_color": true,
        "colors_text": "#2a0e2a",
        "colors_background": "",
        "gradient_background": "linear-gradient(90deg, rgba(246, 238, 227, 1), rgba(223, 244, 247, 1) 100%)",
        "padding_top": 20,
        "padding_bottom": 19
      }
    },
    "header": {
      "type": "header",
      "blocks": {
        "87f8d565-83ad-4293-9399-b59858a4c494": {
          "type": "mega_menu_1",
          "settings": {
            "menu_item": "Shops",
            "section_width": "customized-width",
            "customize_width": 1400,
            "image_1": "shopify:\/\/shop_images\/mega-menu-beauty-5.jpg",
            "text_image_1": "",
            "link_image_1": "shopify:\/\/collections\/all",
            "image_overlay_opacity": 30,
            "color_overlay_opacity": "#000000"
          }
        },
        "mega_menu_2_gyDg7a": {
          "type": "mega_menu_2",
          "settings": {
            "menu_item": "Theme Demo",
            "section_width": "customized-width",
            "customize_width": 1400,
            "image_1": "shopify:\/\/shop_images\/mega-menu-furniture-1_552da80c-8a5b-444c-a83f-7149495fa105.jpg",
            "text_image_1": "Your Sample Texts",
            "link_image_1": "",
            "image_2": "shopify:\/\/shop_images\/mega-menu-furniture-3_f4606dec-8a5f-4f98-bcd0-b0547ee56176.jpg",
            "text_image_2": "Your Sample Texts",
            "link_image_2": "",
            "image_3": "shopify:\/\/shop_images\/mega-menu-furniture-2_fc994e37-7393-4be4-ae5e-63905b835360.jpg",
            "text_image_3": "Your Sample Texts",
            "link_image_3": "",
            "image_4": "shopify:\/\/shop_images\/mega-menu-furniture-4_ff3dde4e-10d9-4940-9bd5-288f84dd502a.jpg",
            "text_image_4": "Your Sample Texts",
            "link_image_4": ""
          }
        },
        "mega_menu_1_64ixPG": {
          "type": "mega_menu_1",
          "settings": {
            "menu_item": "Products",
            "section_width": "customized-width",
            "customize_width": 1400,
            "image_1": "shopify:\/\/shop_images\/mega-menu-beauty-6.jpg",
            "text_image_1": "",
            "link_image_1": "",
            "image_overlay_opacity": 30,
            "color_overlay_opacity": "#000000"
          }
        }
      },
      "block_order": [
        "87f8d565-83ad-4293-9399-b59858a4c494",
        "mega_menu_2_gyDg7a",
        "mega_menu_1_64ixPG"
      ],
      "settings": {
        "section_width": "page-width",
        "customize_width": 1600,
        "type_style": "classic",
        "show_line_separator": true,
        "type_sticky_header": "scroll-up",
        "color_scheme": "accent-1",
        "text_size": "x-small",
        "font_transform": "uppercase",
        "enable_transparent": false,
        "color_opacity_1": 100,
        "text_transparent": "#000000",
        "color_opacity_2": 70,
        "logo": "shopify:\/\/shop_images\/logo-home-5.png",
        "logo_width": 125,
        "logo_position": "middle-left",
        "logo_alignment_desktop": "start",
        "menu": "main-menu",
        "menu_alignment_desktop": "center",
        "spacing_gap": 0,
        "menu_transform": "capitalize",
        "link_type": "line",
        "use_custom_button": false,
        "use_button_label": "Button label",
        "use_button_link": "",
        "icon_type_style": "classic",
        "enable_search": true,
        "enable_account": true,
        "enable_cart": true,
        "enable_wishlist": true,
        "enable_country_selector": false,
        "enable_language_selector": false,
        "function_alignment_desktop": "end",
        "enable_search_mobile": true,
        "enable_account_mobile": true,
        "enable_cart_mobile": true,
        "enable_wishlist_mobile": false,
        "enable_country_selector_mobile": true,
        "enable_language_selector_mobile": true,
        "mobile_logo_position": "left",
        "padding_top": 11,
        "padding_bottom": 11
      }
    },
    "5913fb9f-a995-4435-a743-192241415400": {
      "type": "announcement-bar",
      "blocks": {
        "sections--17089240629487__5913fb9f-a995-4435-a743-192241415400-announcement-1": {
          "type": "announcement",
          "settings": {
            "logo_width": 100,
            "text": "<p>SALE UP TO 50% OFF ON SELECTED ITEMS. <a href=\"\/collections\/all\" title=\"All\">SHOP NOW<\/a><\/p>"
          }
        }
      },
      "block_order": [
        "sections--17089240629487__5913fb9f-a995-4435-a743-192241415400-announcement-1"
      ],
      "settings": {
        "text_size": "small",
        "enable_autoplay": false,
        "change_slides_speed": 5,
        "enable_link_tablet_mobile": false,
        "label_link": "",
        "link": "",
        "label_link_2": "",
        "link_2": "",
        "color_scheme": "scheme-6c1043dc-4396-4897-b151-ed384dd2be90",
        "padding_top": 18,
        "padding_bottom": 18,
        "padding_top_mobile": 16,
        "padding_bottom_mobile": 16
      }
    }
  },
  "order": [
    "a3aad950-a3b1-403c-95e1-8fd8c59dc23d",
    "header",
    "5913fb9f-a995-4435-a743-192241415400"
  ]
}