{
  "sections": {
    "74ce1cc5-0c88-495f-8093-93727f74cf0b": {
      "type": "slide-banner",
      "blocks": {
        "template--17089656062191__74ce1cc5-0c88-495f-8093-93727f74cf0b-slide-1": {
          "type": "slide",
          "settings": {
            "content_max_width": 330,
            "font_transform": "uppercase",
            "heading_font": "f-w-600",
            "heading": "<p>beautyfully <\/p><p>bare collection<\/p>",
            "heading_size": "large",
            "subheading": "NEW ARRIVALS",
            "subheading_font": "f-w-600",
            "subheading_size": "small",
            "content": "<p>It’s the Lightweight, Natural-Looking<br\/>Collection You Love<\/p>",
            "time": "",
            "time_margin_top": 24,
            "time_margin_top_mobile": 24,
            "colors_text": "#ffffff",
            "colors_background": "#b30e13",
            "gradient_background": "",
            "button_transparent": "default",
            "button_label": "SHOP NOW",
            "button_link": "shopify:\/\/collections\/collection-10",
            "button_margin_top": 46,
            "button_margin_top_mobile": 40,
            "text_alignment": "center"
          }
        },
        "dec89295-800a-43e3-8b73-5de0eec4eb6f": {
          "type": "slide",
          "settings": {
            "content_max_width": 330,
            "font_transform": "uppercase",
            "heading_font": "f-w-600",
            "heading": "<p>beautyfully <\/p><p>bare collection<\/p>",
            "heading_size": "large",
            "subheading": "NEW ARRIVALS",
            "subheading_font": "f-w-600",
            "subheading_size": "small",
            "content": "<p>It’s the Lightweight, Natural-Looking<br\/>Collection You Love<\/p>",
            "time": "",
            "time_margin_top": 24,
            "time_margin_top_mobile": 24,
            "colors_text": "#ffffff",
            "colors_background": "#b30e13",
            "gradient_background": "",
            "button_transparent": "default",
            "button_label": "SHOP NOW",
            "button_link": "shopify:\/\/collections\/collection-09",
            "button_margin_top": 46,
            "button_margin_top_mobile": 40,
            "text_alignment": "center"
          }
        }
      },
      "block_order": [
        "template--17089656062191__74ce1cc5-0c88-495f-8093-93727f74cf0b-slide-1",
        "dec89295-800a-43e3-8b73-5de0eec4eb6f"
      ],
      "settings": {
        "image_first": "shopify:\/\/shop_images\/slide-banner-1.jpg",
        "image_second": "shopify:\/\/shop_images\/slide-banner-2.jpg",
        "color_scheme": "scheme-3bc955e8-1553-49ce-a8e6-8e4f75826bc6",
        "use_custom_color": false,
        "colors_text": "#ffffff",
        "colors_background": "#6c3c3a",
        "gradient_background": "",
        "arrows_type": "none",
        "enable_pagination_type": "all",
        "pagination_type": "dots",
        "carousel_infinite_scroll": true,
        "enable_autoplay": false,
        "change_slides_speed": 5,
        "padding_top_block": 75,
        "padding_bottom_block": 95,
        "padding_top_block_mobile": 62,
        "padding_bottom_block_mobile": 100,
        "accessibility_info": "Slideshow about our brand"
      }
    },
    "3a1dcc7d-d002-4141-b2d1-1cb270279021": {
      "type": "category-list",
      "blocks": {
        "template--17089656062191__3a1dcc7d-d002-4141-b2d1-1cb270279021-Category-1": {
          "type": "Category",
          "settings": {
            "button_label": "Eyes",
            "button_link": "shopify:\/\/collections\/collection-01",
            "color_line": "#ffdade"
          }
        },
        "template--17089656062191__3a1dcc7d-d002-4141-b2d1-1cb270279021-Category-2": {
          "type": "Category",
          "settings": {
            "button_label": "Faces",
            "button_link": "shopify:\/\/collections\/collection-02",
            "color_line": "#dfcee5"
          }
        },
        "f6f5ffab-550f-4db5-a6a3-7cdd0f2d94ce": {
          "type": "Category",
          "settings": {
            "button_label": "Lips",
            "button_link": "shopify:\/\/collections\/collection-03",
            "color_line": "#dcefe0"
          }
        },
        "432f22d2-ccc6-4a6c-b19c-bdc91e0eb0eb": {
          "type": "Category",
          "settings": {
            "button_label": "SKINCARE",
            "button_link": "shopify:\/\/collections\/collection-04",
            "color_line": "#d5dee5"
          }
        },
        "c4c7c0a3-f46e-40f0-9b45-65ca99f82dce": {
          "type": "Category",
          "settings": {
            "button_label": "brushes",
            "button_link": "shopify:\/\/collections\/collection-05",
            "color_line": "#ffd7ca"
          }
        },
        "1f29dbc1-4037-49cd-98ae-e8ca44dd6d38": {
          "type": "Category",
          "settings": {
            "button_label": "MAKEUP TOOLS",
            "button_link": "shopify:\/\/collections\/collection-06",
            "color_line": "#fffdca"
          }
        }
      },
      "block_order": [
        "template--17089656062191__3a1dcc7d-d002-4141-b2d1-1cb270279021-Category-1",
        "template--17089656062191__3a1dcc7d-d002-4141-b2d1-1cb270279021-Category-2",
        "f6f5ffab-550f-4db5-a6a3-7cdd0f2d94ce",
        "432f22d2-ccc6-4a6c-b19c-bdc91e0eb0eb",
        "c4c7c0a3-f46e-40f0-9b45-65ca99f82dce",
        "1f29dbc1-4037-49cd-98ae-e8ca44dd6d38"
      ],
      "settings": {
        "section_width": "page-width",
        "customize_width": 1800,
        "heading": "shop by category",
        "heading_size": "default",
        "text_alignment": "center",
        "margin_bottom": 24,
        "text_size": "small",
        "color_scheme": "scheme-06080b3f-4cd8-4a34-99a2-b3f3ed18987c",
        "text_animation": "split",
        "padding_top": 70,
        "padding_bottom": 70,
        "padding_top_mobile": 35,
        "padding_bottom_mobile": 35
      }
    },
    "83d2b53d-ddf0-4e8c-91fc-2cec95d149a1": {
      "type": "featured-collection",
      "blocks": {
        "bd74a2c3-98a6-4bb5-aed1-82a74be1a0ef": {
          "type": "heading",
          "settings": {
            "heading": "NEW PRODUCTS",
            "heading_size": "default",
            "label_view_all": "CHECK OUT OUR LATEST PRODUCTS.",
            "show_view_all": "link",
            "text_view_all": "VIEW ALL",
            "text_view_all_size": "medium",
            "text_alignment": "center",
            "padding_top": 0,
            "padding_bottom": 40
          }
        }
      },
      "block_order": [
        "bd74a2c3-98a6-4bb5-aed1-82a74be1a0ef"
      ],
      "settings": {
        "section_width": "page-width",
        "customize_width": 1800,
        "show_line_separator_top": true,
        "show_line_separator_bottom": false,
        "collection": "",
        "product_list": [
          "lubridern-moisture-hydrating-hand-lotion",
          "revlon-liquid-lipstick",
          "brazilian-blowout-smoothing-cream",
          "essie-salon-quality-nail-piolish"
        ],
        "products_to_show": 10,
        "carousel_number": 3,
        "carousel_number_tablet": 1.8,
        "carousel_number_mobile": "1.5",
        "spacing_desktop": 50,
        "spacing_tablet": 24,
        "spacing_mobile": 20,
        "arrows_type": "lg",
        "carousel_infinite_scroll": true,
        "enable_pagination_type": "all",
        "pagination_type": "progressbar",
        "color_scheme": "scheme-06080b3f-4cd8-4a34-99a2-b3f3ed18987c",
        "use_background_gradient": false,
        "colors_background_special": "rgba(0,0,0,0)",
        "gradient_background_special": "linear-gradient(215deg, rgba(248, 208, 218, 0.45) 34.38%, rgba(195, 236, 252, 0.45) 73.44%)",
        "text_animation": "split",
        "padding_top": 70,
        "padding_bottom": 70,
        "padding_top_mobile": 35,
        "padding_bottom_mobile": 35
      }
    },
    "f413d93c-d4eb-401f-a18d-0855db96a6a5": {
      "type": "slide-banner",
      "blocks": {
        "ca5a367c-524e-46af-b05c-bfa9f8dd0b97": {
          "type": "slide",
          "settings": {
            "content_max_width": 600,
            "font_transform": "uppercase",
            "heading_font": "f-w-600",
            "heading": "<p>SKINCARE <\/p><p>FROM TOP BRANDS<\/p>",
            "heading_size": "medium",
            "subheading": "diverse variety of",
            "subheading_font": "f-w-600",
            "subheading_size": "small",
            "content": "<p>all branded skincare up to 50% OFF*<\/p>",
            "time": "02\/10\/2024 11:05:00",
            "time_margin_top": 24,
            "time_margin_top_mobile": 24,
            "colors_text": "#000000",
            "colors_background": "rgba(0,0,0,0)",
            "gradient_background": "",
            "button_transparent": "default",
            "button_label": "VIEW ALL BRANDS",
            "button_link": "shopify:\/\/collections\/collection-07",
            "button_margin_top": 60,
            "button_margin_top_mobile": 40,
            "text_alignment": "center"
          }
        }
      },
      "block_order": [
        "ca5a367c-524e-46af-b05c-bfa9f8dd0b97"
      ],
      "settings": {
        "image_first": "shopify:\/\/shop_images\/Banner-slide-1.jpg",
        "image_second": "shopify:\/\/shop_images\/Banner-slide-2.jpg",
        "color_scheme": "scheme-e73a3976-e92b-4f6f-8b4d-2a58fb5b1976",
        "use_custom_color": false,
        "colors_text": "#000000",
        "colors_background": "#dcefe0",
        "gradient_background": "",
        "arrows_type": "none",
        "enable_pagination_type": "all",
        "pagination_type": "dots",
        "carousel_infinite_scroll": true,
        "enable_autoplay": false,
        "change_slides_speed": 5,
        "padding_top_block": 62,
        "padding_bottom_block": 90,
        "padding_top_block_mobile": 80,
        "padding_bottom_block_mobile": 80,
        "accessibility_info": "Slideshow about our brand"
      }
    },
    "333ec07e-f866-41ae-bf95-1535d66745d1": {
      "type": "marquee",
      "blocks": {
        "template--17089245708527__333ec07e-f866-41ae-bf95-1535d66745d1-marquee-1": {
          "type": "marquee",
          "settings": {
            "type_marquee": "text",
            "text": "<p>* SALE UP TO <strong>70% OFF<\/strong><\/p>",
            "set_transparent_text": false,
            "enable_color_underline": true,
            "colors_underline": "#f6e2c7",
            "options_colors_underline": "bold",
            "image_height": 152,
            "link": ""
          }
        },
        "template--17089245708527__333ec07e-f866-41ae-bf95-1535d66745d1-marquee-2": {
          "type": "marquee",
          "settings": {
            "type_marquee": "text",
            "text": "<p>* USE CODE: <strong>SUMMER70<\/strong><\/p>",
            "set_transparent_text": false,
            "enable_color_underline": true,
            "colors_underline": "#fac7c8",
            "options_colors_underline": "bold",
            "image_height": 152,
            "link": ""
          }
        }
      },
      "block_order": [
        "template--17089245708527__333ec07e-f866-41ae-bf95-1535d66745d1-marquee-1",
        "template--17089245708527__333ec07e-f866-41ae-bf95-1535d66745d1-marquee-2"
      ],
      "settings": {
        "section_width": "customized-width",
        "customize_width": 1800,
        "enable_full_width": false,
        "enable_cursor_hover": false,
        "show_line_separator": false,
        "duration_speed": 30,
        "heading_font": "font-heading",
        "heading_size": "medium",
        "type_separating": "none",
        "custom_between": false,
        "carousel_gap": 30,
        "color_scheme": "",
        "use_custom_color": false,
        "colors_text": "#424242",
        "colors_background": "",
        "gradient_background": "linear-gradient(90deg, rgba(246, 238, 227, 1), rgba(223, 244, 247, 1) 100%)",
        "padding_top": 27,
        "padding_bottom": 28,
        "padding_top_mobile": 16,
        "padding_bottom_mobile": 17
      }
    },
    "fd29978e-0922-4393-897e-27da77b0c947": {
      "type": "product-column",
      "blocks": {
        "f57d808c-f98f-4035-968f-3f443d9b3c96": {
          "type": "collection",
          "settings": {
            "heading": "SHOP BEAUTY",
            "heading_size": "default",
            "show_view_all": true,
            "text_view_all": "VIEW ALL",
            "collection": "",
            "product_list": [
              "cosmetic-sample-product-08",
              "lubridern-moisture-hydrating-hand-lotion",
              "lash-care-mascara-intense-black",
              "cosmetic-sample-product-10",
              "eltamd-uv-daily-face-sunscreen"
            ],
            "products_to_show": 6
          }
        },
        "d2112dfc-254b-4840-9476-70bf8825391a": {
          "type": "collection",
          "settings": {
            "heading": "SHOP SKINCARE",
            "heading_size": "default",
            "show_view_all": true,
            "text_view_all": "VIEW ALL",
            "collection": "",
            "product_list": [
              "cosmetic-sample-product-09",
              "is-clinical-white-lightening-serum",
              "alpha-skincare-renewal-serum",
              "she-shea-nourish-body-lotion",
              "brazilian-blowout-smoothing-cream"
            ],
            "products_to_show": 6
          }
        }
      },
      "block_order": [
        "f57d808c-f98f-4035-968f-3f443d9b3c96",
        "d2112dfc-254b-4840-9476-70bf8825391a"
      ],
      "settings": {
        "section_width": "page-width",
        "customize_width": 1800,
        "time": "",
        "heading_sale": "",
        "heading_size": "medium",
        "button_sale_label": "",
        "button_sale_link": "shopify:\/\/collections\/unleash-your-beauty-with-laoriv-cosmetics",
        "text_size": "x-small",
        "arrows_type": "all",
        "carousel_infinite_scroll": true,
        "enable_pagination_type": "all",
        "pagination_type": "fraction",
        "color_scheme": "accent-2",
        "padding_top": 0,
        "padding_bottom": 0,
        "padding_top_mobile": 40,
        "padding_bottom_mobile": 0
      }
    },
    "541cb8dd-855d-4249-8c95-bde5518ad9df": {
      "type": "icon-with-text",
      "blocks": {
        "template--16932190060783__541cb8dd-855d-4249-8c95-bde5518ad9df-item-1": {
          "type": "item",
          "settings": {
            "icon": "liquid",
            "enable_custom_size_icon": false,
            "custom_size_icon": 30,
            "custom_icon_background": "#f0e8f3",
            "heading": "",
            "use_custom_heading": false,
            "custom_heading_size": "default",
            "text": "<p>CLEAN<\/p>",
            "link_label": "",
            "link": ""
          }
        },
        "template--16932190060783__541cb8dd-855d-4249-8c95-bde5518ad9df-item-2": {
          "type": "item",
          "settings": {
            "icon": "vegan-2",
            "enable_custom_size_icon": false,
            "custom_size_icon": 30,
            "custom_icon_background": "#edf7ef",
            "heading": "",
            "use_custom_heading": false,
            "custom_heading_size": "default",
            "text": "<p>VEGAN<\/p>",
            "link_label": "",
            "link": ""
          }
        },
        "template--16932190060783__541cb8dd-855d-4249-8c95-bde5518ad9df-item-3": {
          "type": "item",
          "settings": {
            "icon": "cruelty_free",
            "enable_custom_size_icon": false,
            "custom_size_icon": 30,
            "custom_icon_background": "#fbf1ef",
            "heading": "",
            "use_custom_heading": false,
            "custom_heading_size": "default",
            "text": "<p>CRUELTY-FREE<\/p>",
            "link_label": "",
            "link": ""
          }
        },
        "template--16932190060783__541cb8dd-855d-4249-8c95-bde5518ad9df-item-4": {
          "type": "item",
          "settings": {
            "icon": "gluten_free_2",
            "enable_custom_size_icon": false,
            "custom_size_icon": 30,
            "custom_icon_background": "#e9eef2",
            "heading": "",
            "use_custom_heading": false,
            "custom_heading_size": "default",
            "text": "<p>GLUTEN-FREE<\/p>",
            "link_label": "",
            "link": ""
          }
        },
        "8747515f-ba6d-492c-8890-b14d8192853b": {
          "type": "item",
          "settings": {
            "icon": "recycle",
            "enable_custom_size_icon": false,
            "custom_size_icon": 30,
            "custom_icon_background": "#fbf2e7",
            "heading": "",
            "use_custom_heading": false,
            "custom_heading_size": "default",
            "text": "<p>RECYCLABLE<\/p>",
            "link_label": "",
            "link": ""
          }
        }
      },
      "block_order": [
        "template--16932190060783__541cb8dd-855d-4249-8c95-bde5518ad9df-item-1",
        "template--16932190060783__541cb8dd-855d-4249-8c95-bde5518ad9df-item-2",
        "template--16932190060783__541cb8dd-855d-4249-8c95-bde5518ad9df-item-3",
        "template--16932190060783__541cb8dd-855d-4249-8c95-bde5518ad9df-item-4",
        "8747515f-ba6d-492c-8890-b14d8192853b"
      ],
      "settings": {
        "type_style": "special",
        "section_width": "customized-width",
        "customize_width": 1300,
        "heading": "WHY US",
        "heading_size": "default",
        "text": "<p>ALL PRODUCTS ARE VEGAN AND CRUELTY-FREE.<\/p>",
        "text_margin_top": 16,
        "text_alignment": "center",
        "margin_bottom": 40,
        "blocks_heading_font": "font-body",
        "blocks_heading_size": "h4",
        "blocks_text_size": "small",
        "color_scheme": "scheme-06080b3f-4cd8-4a34-99a2-b3f3ed18987c",
        "use_custom_color": true,
        "colors_text": "#2a0e2a",
        "colors_background": "",
        "gradient_background": "linear-gradient(90deg, rgba(NaN, NaN, NaN, 0), rgba(223, 244, 247, 1) 100%)",
        "layout": "vertical",
        "enable_background_icon": true,
        "type_vertical": "scroll",
        "arrows_type": "all",
        "text_animation": "split",
        "padding_top": 70,
        "padding_bottom": 70,
        "padding_top_mobile": 35,
        "padding_bottom_mobile": 35
      }
    },
    "8d2b07a5-1c19-4d83-b4de-122a28e5c67c": {
      "type": "spotlight-products",
      "settings": {
        "type_style": "modern",
        "header_width": "page-width",
        "customize_width_header": 1800,
        "image": "shopify:\/\/shop_images\/spotlight-pd-2.jpg",
        "heading": "",
        "text_view_all": "",
        "collection": "spotlight-product-beauty",
        "products_to_show": 5,
        "show_secondary_image": true,
        "show_vendor_product": true,
        "show_rating_product": true,
        "enable_quick_add": true,
        "show_swatch": true,
        "card_button_type": "default",
        "card_button_transform": "capitalize",
        "arrows_type": "lg",
        "enable_pagination_type": "all",
        "pagination_type": "fraction",
        "horizontal_1": 29,
        "vertical_1": 36,
        "horizontal_2": 66,
        "vertical_2": 59,
        "horizontal_3": 18,
        "vertical_3": 35,
        "horizontal_4": 70,
        "vertical_4": 60,
        "horizontal_5": 25,
        "vertical_5": 65,
        "color_scheme": "background-2",
        "use_background_gradient": true,
        "colors_background_special": "#f8e5e1",
        "gradient_background_special": "",
        "product_color_scheme": "background-2",
        "padding_top": 70,
        "padding_bottom": 70,
        "padding_top_mobile": 35,
        "padding_bottom_mobile": 35
      }
    },
    "947ce4ca-fba2-47ae-8aa5-ec54700eead0": {
      "type": "before-after-image",
      "settings": {
        "section_width": "page-width",
        "customize_width": 1800,
        "show_line_separator": false,
        "desktop_background_image": "shopify:\/\/shop_images\/introducing.png",
        "mobile_background_image": "shopify:\/\/shop_images\/introducing-mobile.png",
        "subheading": "INTRODUCING",
        "subheading_size": "default",
        "title": "<p>ICONIC DIVINE<\/p><p>EYESHADOW<\/p><p>PALETTES<\/p>",
        "heading_size": "default",
        "content": "<p>NEW SHADES. IMPROVED FORMULA. <\/p><p>FULL COLOR PAY-OFF.<\/p>",
        "description_size": "small",
        "text_alignment": "center",
        "vertical_spacing": 16,
        "button_transparent": "default",
        "button_label": "SHOP EYESHADOWS",
        "button_link": "shopify:\/\/collections\/collection-08",
        "button_margin_top": 23,
        "before_image": "shopify:\/\/shop_images\/bf-ater-h5.jpg",
        "label_before": "Before",
        "after_image": "shopify:\/\/shop_images\/bf-ater-h5-2.jpg",
        "label_after": "After",
        "text_position": "left",
        "drag_initial_position": 50,
        "color_scheme": "background-1",
        "drag_cursor_color": "#000000",
        "drag_cursor_background": "#ffffff",
        "padding_left": 50,
        "padding_right": 0,
        "padding_top": 70,
        "padding_bottom": 70,
        "padding_top_mobile": 35,
        "padding_bottom_mobile": 35
      }
    },
    "b413b07a-45a3-484e-85b1-0beccf77e5cf": {
      "type": "testimonial",
      "blocks": {
        "template--17089656062191__b413b07a-45a3-484e-85b1-0beccf77e5cf-slide-1": {
          "type": "slide",
          "settings": {
            "heading": "Amazing color payoff",
            "text": "<p>“ This product is really nice and bendable with high color payoff. ” <\/p>",
            "avatar": "shopify:\/\/shop_images\/Frame_1324.jpg",
            "name": "ANNA LEE",
            "rating": "5",
            "box_align": "middle-center",
            "text_alignment": "center"
          }
        },
        "template--17089656062191__b413b07a-45a3-484e-85b1-0beccf77e5cf-slide-2": {
          "type": "slide",
          "settings": {
            "heading": "Amazing color payoff",
            "text": "<p>“ This product is really nice and bendable with high color payoff. ” <\/p>",
            "avatar": "shopify:\/\/shop_images\/avata-customer-3.jpg",
            "name": "KRISSY TREE",
            "rating": "5",
            "box_align": "middle-center",
            "text_alignment": "center"
          }
        }
      },
      "block_order": [
        "template--17089656062191__b413b07a-45a3-484e-85b1-0beccf77e5cf-slide-1",
        "template--17089656062191__b413b07a-45a3-484e-85b1-0beccf77e5cf-slide-2"
      ],
      "settings": {
        "type_style": "special",
        "heading": "CUSTOMER REVIEWS",
        "heading_size": "medium",
        "heading_alignment": "center",
        "margin_bottom": 34,
        "use_bg_image": false,
        "color_scheme": "",
        "use_custom_color": false,
        "colors_text": "#424242",
        "colors_background": "",
        "gradient_background": "linear-gradient(90deg, rgba(246, 238, 227, 1), rgba(223, 244, 247, 1) 100%)",
        "arrows_type": "all",
        "carousel_infinite_scroll": false,
        "enable_autoplay": false,
        "change_slides_speed": 5,
        "enable_pagination_type": "all",
        "pagination_type": "fraction",
        "padding_top": 70,
        "padding_bottom": 70,
        "padding_top_mobile": 35,
        "padding_bottom_mobile": 35
      }
    },
    "d825f2d1-80d8-44a6-b088-3d4916499446": {
      "type": "image-with-text",
      "blocks": {
        "c71516b3-017c-4028-b000-30e6239e84a7": {
          "type": "subheading",
          "settings": {
            "subheading": "JUST ADDED",
            "subheading_font_typography": "font-body",
            "subheading_size": "small",
            "subheading_font": "f-normal",
            "padding_top": 0,
            "padding_bottom": 8
          }
        },
        "template--17089656062191__d825f2d1-80d8-44a6-b088-3d4916499446-heading-1": {
          "type": "heading",
          "settings": {
            "heading": "<p>NEW MATTE<\/p><p>REVOLUTION<\/p>",
            "heading_size": "h2",
            "padding_top": 8,
            "padding_bottom": 4
          }
        },
        "template--17089656062191__d825f2d1-80d8-44a6-b088-3d4916499446-text-1": {
          "type": "text",
          "settings": {
            "text": "<p>Luminous Modern-Matte Lipstick<br\/>For fuller and wider lips<\/p><p><a href=\"\/products\/116-wide-symmetrical-modular-sofa-chaise\" title=\"116&quot; Wide Symmetrical Modular Sofa & Chaise\">From $39.99*<\/a><\/p>",
            "padding_top": 0,
            "padding_bottom": 8
          }
        },
        "template--17089656062191__d825f2d1-80d8-44a6-b088-3d4916499446-link-1": {
          "type": "link",
          "settings": {
            "show_link": true,
            "show_view_all": "button",
            "link_label": "SHOP NOW",
            "link": "shopify:\/\/collections\/collection-09",
            "button_transparent": "default",
            "show_link_secondary": false,
            "show_view_all_secondary": "link",
            "link_label_secondary": "Link label",
            "link_secondary": "",
            "button_transparent_secondary": "default",
            "color_scheme_link_secondary": "",
            "padding_top": 16,
            "padding_bottom": 0
          }
        }
      },
      "block_order": [
        "c71516b3-017c-4028-b000-30e6239e84a7",
        "template--17089656062191__d825f2d1-80d8-44a6-b088-3d4916499446-heading-1",
        "template--17089656062191__d825f2d1-80d8-44a6-b088-3d4916499446-text-1",
        "template--17089656062191__d825f2d1-80d8-44a6-b088-3d4916499446-link-1"
      ],
      "settings": {
        "type_style": "modern",
        "section_width": "page-width",
        "customize_width": 1800,
        "show_top_line_separator": true,
        "show_bot_line_separator": true,
        "color_scheme": "",
        "image": "shopify:\/\/shop_images\/Layer_628_1.jpg",
        "heading": "",
        "heading_size": "default",
        "link_label": "",
        "link": "",
        "colors_heading": "#ffffff",
        "background_for_image": false,
        "image_colors_background": "",
        "image_gradient_background": "linear-gradient(90deg, rgba(246, 238, 227, 1), rgba(223, 244, 247, 1) 100%)",
        "arrows_type": "all",
        "carousel_infinite_scroll": true,
        "enable_pagination_type": "all",
        "pagination_type": "dashed",
        "background_for_box": true,
        "colors_text": "#424242",
        "colors_background": "#f1eef3",
        "gradient_background": "",
        "layout": "text_first",
        "desktop_content_position": "top",
        "desktop_content_alignment": "center",
        "layout_mobile": "text_first_mobile",
        "mobile_content_alignment": "center",
        "image_animation": "none",
        "text_animation": "none",
        "padding_top": 69,
        "padding_bottom": 69,
        "padding_top_mobile": 34,
        "padding_bottom_mobile": 34
      }
    },
    "4621f1a3-2e7e-4619-9a3b-dc9d4a20719a": {
      "type": "collection-video",
      "blocks": {
        "template--17089656062191__4621f1a3-2e7e-4619-9a3b-dc9d4a20719a-Video-1": {
          "type": "Video",
          "settings": {
            "video_url": "https:\/\/www.youtube.com\/watch?v=_9VUPq3SxOc",
            "cover_image": "shopify:\/\/shop_images\/video-1_ddd13b72-1304-4e37-aac4-f190a9d65304.jpg",
            "link_label": "<p>Glow Up Guru: Expert Makeup<\/p><p> and Skincare Tips<\/p>",
            "link_url": "shopify:\/\/collections\/collection-09",
            "content": ""
          }
        },
        "template--17089656062191__4621f1a3-2e7e-4619-9a3b-dc9d4a20719a-Video-2": {
          "type": "Video",
          "settings": {
            "video": "shopify:\/\/files\/videos\/Concept-Video-Block-Final.mp4",
            "video_url": "https:\/\/www.youtube.com\/watch?v=_9VUPq3SxOc",
            "cover_image": "shopify:\/\/shop_images\/video-2_9dc1bdfd-7b93-4c67-8a59-fbefbfda1d99.jpg",
            "link_label": "<p>Makeup and Skincare Alchemy: <\/p><p>Watch, Learn, Shine!<\/p>",
            "link_url": "shopify:\/\/collections\/collection-10",
            "content": ""
          }
        },
        "template--17089656062191__4621f1a3-2e7e-4619-9a3b-dc9d4a20719a-Video-3": {
          "type": "Video",
          "settings": {
            "video_url": "https:\/\/www.youtube.com\/watch?v=_9VUPq3SxOc",
            "cover_image": "shopify:\/\/shop_images\/video-3_3bcb75ab-399d-4a2d-9a19-cbab4ebb3b96.jpg",
            "link_label": "<p>Makeup & Skincare Simplified: <\/p><p>Tips for a Beautiful You<\/p>",
            "link_url": "shopify:\/\/collections\/collection-07",
            "content": ""
          }
        }
      },
      "block_order": [
        "template--17089656062191__4621f1a3-2e7e-4619-9a3b-dc9d4a20719a-Video-1",
        "template--17089656062191__4621f1a3-2e7e-4619-9a3b-dc9d4a20719a-Video-2",
        "template--17089656062191__4621f1a3-2e7e-4619-9a3b-dc9d4a20719a-Video-3"
      ],
      "settings": {
        "section_width": "page-width",
        "customize_width": 1800,
        "show_line_separator": false,
        "enable_video_looping": false,
        "heading": "MAKEP TUTORIALS, TIPS AND BEAUTY VIDEOS",
        "heading_size": "default",
        "font_transform": "uppercase",
        "heading_margin_bottom": 16,
        "content": "<p>FROM OUT BEAUTY EXPERTS<\/p>",
        "text_margin_bottom": 40,
        "text_alignment": "center",
        "button_label": "VIEW ALL",
        "button_link": "shopify:\/\/collections",
        "button_alignment": "center",
        "button_margin_top": 40,
        "block_heading_size": "small",
        "block_heading_font_weight": "f-w-600",
        "block_font_transform": "uppercase",
        "block_alignment": "center",
        "block_padding_top": 16,
        "block_padding_bot": 0,
        "color_scheme": "scheme-c241f903-8491-450e-815f-a6ee9d7c66b6",
        "carousel_gap": 50,
        "carousel_gap_tablet": 38,
        "carousel_gap_mobile": 10,
        "arrows_type": "none",
        "enable_pagination_type": "all",
        "pagination_type": "progressbar",
        "columns_desktop": 3,
        "columns_mobile": "1",
        "text_animation": "split",
        "block_animation": "fade-up",
        "padding_top": 70,
        "padding_bottom": 70,
        "padding_top_mobile": 35,
        "padding_bottom_mobile": 35
      }
    },
    "e439c36b-9ab2-4b29-a744-777c306935b1": {
      "type": "featured-blog",
      "blocks": {
        "heading_ALi7jg": {
          "type": "heading",
          "settings": {
            "heading_size": "h2",
            "padding_top": 0,
            "padding_bottom": 0
          }
        },
        "date_Cff3CL": {
          "type": "date",
          "settings": {
            "text_size": "medium",
            "padding_top": 0,
            "padding_bottom": 0
          }
        },
        "content_qHgeQW": {
          "type": "content",
          "settings": {
            "padding_top": 15,
            "padding_bottom": 0
          }
        }
      },
      "block_order": [
        "heading_ALi7jg",
        "date_Cff3CL",
        "content_qHgeQW"
      ],
      "settings": {
        "header_width": "page-width",
        "content_width": "full-width",
        "customize_width": 1800,
        "padding_container_full_w": 75,
        "show_line_separator": false,
        "icon": "none",
        "heading": "RECENT POSTS",
        "heading_size": "medium",
        "show_view_all": "link",
        "button_label": "READ FULL POST",
        "heading_alignment": "left",
        "heading_margin_bottom": 40,
        "blog": "blog-cosmetic-harmony-2",
        "post_limit": 2,
        "spacing_desktop": 30,
        "spacing_tablet": 30,
        "spacing_mobile": 10,
        "style_layout": "enable_carousel",
        "show_image": true,
        "image_ratio": "landscape",
        "text_per_line": "2",
        "text_alignment": "left",
        "grid_number": 3,
        "grid_number_tablet": 2,
        "grid_number_mobile": 1,
        "carousel_number": 2,
        "carousel_number_tablet": 1.3,
        "t:sections.featured-blog.settings.heading_3": "1.2",
        "arrows_type": "none",
        "enable_pagination_type": "xs",
        "pagination_type": "progressbar",
        "color_scheme": "background-1",
        "image_animation": "none",
        "heading_animation": "none",
        "text_animation": "none",
        "padding_top": 0,
        "padding_bottom": 70,
        "padding_top_mobile": 0,
        "padding_bottom_mobile": 35
      }
    },
    "238dafe0-17df-4a18-bea0-d122fc9142eb": {
      "type": "image-gallery",
      "blocks": {
        "ba1e2a0f-43ac-4662-a2b4-c61fa6893b65": {
          "type": "Image",
          "settings": {
            "image": "shopify:\/\/shop_images\/gallery-1.jpg",
            "image_link": "shopify:\/\/collections"
          }
        },
        "550af2f0-3135-434c-a8a5-d23035cd7394": {
          "type": "Image",
          "settings": {
            "image": "shopify:\/\/shop_images\/gallery-2.jpg",
            "image_link": "shopify:\/\/collections\/all"
          }
        },
        "7759fc7f-a4be-4efa-a3ea-620f936a7507": {
          "type": "Image",
          "settings": {
            "image": "shopify:\/\/shop_images\/gallery-3.jpg",
            "image_link": "shopify:\/\/collections\/all"
          }
        },
        "c3b7592c-911b-49d6-8f52-7b77896cf618": {
          "type": "Image",
          "settings": {
            "image": "shopify:\/\/shop_images\/gallery-4_83e39c8d-d727-4e61-a6ec-ec47ef21fc56.jpg",
            "image_link": "shopify:\/\/collections\/all"
          }
        },
        "45edd4a3-d454-41e9-9004-93036cddde8f": {
          "type": "Image",
          "settings": {
            "image": "shopify:\/\/shop_images\/gallery-5.jpg",
            "image_link": "shopify:\/\/collections\/all"
          }
        },
        "4cc86bbb-7c3a-4e9a-9ff8-55c1416627e9": {
          "type": "Image",
          "settings": {
            "image": "shopify:\/\/shop_images\/gallery-6.jpg",
            "image_link": "shopify:\/\/collections\/all"
          }
        }
      },
      "block_order": [
        "ba1e2a0f-43ac-4662-a2b4-c61fa6893b65",
        "550af2f0-3135-434c-a8a5-d23035cd7394",
        "7759fc7f-a4be-4efa-a3ea-620f936a7507",
        "c3b7592c-911b-49d6-8f52-7b77896cf618",
        "45edd4a3-d454-41e9-9004-93036cddde8f",
        "4cc86bbb-7c3a-4e9a-9ff8-55c1416627e9"
      ],
      "settings": {
        "section_width": "page-width",
        "customize_width": 1800,
        "show_line_separator": true,
        "desktop_background_image": "shopify:\/\/shop_images\/introducing-3_eabfa6cb-4e21-446b-981e-64b5efa3b004.png",
        "heading": "#IMAGE GALLERY",
        "heading_size": "default",
        "font_transform": "uppercase",
        "heading_margin_bottom": 16,
        "content": "<p>This is an image gallery block but you<br\/>can use this block as an Instagram Feed<br\/>by installing an Instagram App<\/p>",
        "text_margin_bottom": 24,
        "button_label": "FOLLOW US",
        "button_link": "shopify:\/\/collections",
        "button_margin_bottom": 40,
        "text_alignment": "center",
        "cart_label": "Shop",
        "display_viewmore": true,
        "viewmore_label": "VIEW GALLERY",
        "viewmore_size": "small",
        "viewmore_link": "shopify:\/\/collections\/all",
        "margin_top_viewmore": 40,
        "button_alignment": "center",
        "color_scheme": "background-1",
        "use_custom_color": false,
        "colors_text": "#424242",
        "colors_background": "",
        "gradient_background": "linear-gradient(90deg, rgba(246, 238, 227, 1), rgba(223, 244, 247, 1) 100%)",
        "carousel_gap": 10,
        "arrows_type": "lg",
        "enable_pagination_type": "sm",
        "pagination_type": "progressbar",
        "carousel_infinite_scroll": false,
        "columns_desktop": 4,
        "columns_mobile": "1.3",
        "text_animation": "none",
        "padding_top": 70,
        "padding_bottom": 40,
        "padding_top_mobile": 34,
        "padding_bottom_mobile": 20
      }
    },
    "d9a30dab-cbd6-4afb-8a28-3f6005812365": {
      "type": "brand-list",
      "blocks": {
        "template--17089245708527__d9a30dab-cbd6-4afb-8a28-3f6005812365-brand-1": {
          "type": "brand",
          "settings": {
            "image": "shopify:\/\/shop_images\/brands-1.png",
            "link": ""
          }
        },
        "template--17089245708527__d9a30dab-cbd6-4afb-8a28-3f6005812365-brand-2": {
          "type": "brand",
          "settings": {
            "image": "shopify:\/\/shop_images\/brands-2.png",
            "link": ""
          }
        },
        "template--17089245708527__d9a30dab-cbd6-4afb-8a28-3f6005812365-brand-3": {
          "type": "brand",
          "settings": {
            "image": "shopify:\/\/shop_images\/brands-3.png",
            "link": ""
          }
        },
        "template--17089245708527__d9a30dab-cbd6-4afb-8a28-3f6005812365-brand-5": {
          "type": "brand",
          "settings": {
            "image": "shopify:\/\/shop_images\/brands-4.png",
            "link": ""
          }
        },
        "38d1f917-f400-474d-93ba-5d711411ecdd": {
          "type": "brand",
          "settings": {
            "image": "shopify:\/\/shop_images\/brands-5.png",
            "link": ""
          }
        },
        "7cfa3198-6246-4d08-b778-2c917ce9e749": {
          "type": "brand",
          "settings": {
            "image": "shopify:\/\/shop_images\/brands-6.png",
            "link": ""
          }
        }
      },
      "block_order": [
        "template--17089245708527__d9a30dab-cbd6-4afb-8a28-3f6005812365-brand-1",
        "template--17089245708527__d9a30dab-cbd6-4afb-8a28-3f6005812365-brand-2",
        "template--17089245708527__d9a30dab-cbd6-4afb-8a28-3f6005812365-brand-3",
        "template--17089245708527__d9a30dab-cbd6-4afb-8a28-3f6005812365-brand-5",
        "38d1f917-f400-474d-93ba-5d711411ecdd",
        "7cfa3198-6246-4d08-b778-2c917ce9e749"
      ],
      "settings": {
        "section_width": "customized-width",
        "customize_width": 1250,
        "title": "",
        "title_size": "medium",
        "colors_title": "#666666",
        "content": "",
        "content_size": "default",
        "content_margin_bottom": 100,
        "text_view_all": "",
        "primary_text_link": "",
        "button_transparent": "transparent",
        "button_margin_top": 38,
        "type_display": "carousel",
        "enable_pagination_type": "all",
        "pagination_type": "none",
        "pagination_spacing_top": 50,
        "carousel_number": 6,
        "carousel_number_tablet": 3.2,
        "carousel_number_mobile": 2.5,
        "color_scheme": "",
        "use_custom_color": false,
        "colors_background": "",
        "gradient_background": "linear-gradient(90deg, rgba(246, 238, 227, 1), rgba(223, 244, 247, 1) 100%)",
        "image_animation": "fade-up",
        "padding_top": 0,
        "padding_bottom": 48,
        "padding_top_mobile": 0,
        "padding_bottom_mobile": 33
      }
    }
  },
  "order": [
    "74ce1cc5-0c88-495f-8093-93727f74cf0b",
    "3a1dcc7d-d002-4141-b2d1-1cb270279021",
    "83d2b53d-ddf0-4e8c-91fc-2cec95d149a1",
    "f413d93c-d4eb-401f-a18d-0855db96a6a5",
    "333ec07e-f866-41ae-bf95-1535d66745d1",
    "fd29978e-0922-4393-897e-27da77b0c947",
    "541cb8dd-855d-4249-8c95-bde5518ad9df",
    "8d2b07a5-1c19-4d83-b4de-122a28e5c67c",
    "947ce4ca-fba2-47ae-8aa5-ec54700eead0",
    "b413b07a-45a3-484e-85b1-0beccf77e5cf",
    "d825f2d1-80d8-44a6-b088-3d4916499446",
    "4621f1a3-2e7e-4619-9a3b-dc9d4a20719a",
    "e439c36b-9ab2-4b29-a744-777c306935b1",
    "238dafe0-17df-4a18-bea0-d122fc9142eb",
    "d9a30dab-cbd6-4afb-8a28-3f6005812365"
  ]
}