{
    "name": "t:sections.popup.name",
    "type": "custom.popup",
    "sections": {
      "newsletter_popup_hwk9qe": {
        "type": "newsletter-popup",
        "blocks": {
          "newsletter_AgXDwH": {
            "type": "newsletter",
            "settings": {
              "description": "<p>Subscribe to our newsletter and be the first to hear about our new arrivals, special promotions and online exclusives.<\/p>",
              "colors_text": "#878080",
              "button_text": "Subcribe",
              "button_transparent": "default",
              "margin_top": 12,
              "margin_bottom": 12
            }
          }
        },
        "block_order": [
          "newsletter_AgXDwH"
        ],
        "settings": {
          "heading": "Newsletter",
          "colors_text": "#000000",
          "colors_background": "",
          "gradient_background": "linear-gradient(90deg, rgba(246, 238, 227, 1), rgba(223, 244, 247, 1) 100%)",
          "popup_expire": 1,
          "popup_delay": 5,
          "color_scheme": ""
        }
      }
    },
    "order": [
      "newsletter_popup_hwk9qe"
    ]
  }