{
  "current": {
    "button_type": "classic",
    "button_icon": "none",
    "button_style": "diagonal-swipe",
    "arrow_style": "modern",
    "cart_colors_text": "#121212",
    "cart_colors_background": "#FFFFFF",
    "cart_gradient_background": "#FFFFFF",
    "colors_sale_price": "#d22a15",
    "colors_rating": "#000000",
    "sale_badge_colors_text": "#ffffff",
    "sale_badge_colors_background": "#d22a15",
    "sold_out_badge_colors_background": "#deac84",
    "social_media_gradient_background": "linear-gradient(-45deg, rgba(246, 238, 227, 1), rgba(223, 244, 247, 1) 100%)",
    "type_header_font": "poppins_n6",
    "heading_size_step": 6,
    "heading_size_desktop": 30,
    "heading_size_tablet": 24,
    "heading_size_mobile": 18,
    "heading_size": "medium",
    "type_body_font": "poppins_n4",
    "body_size_desktop": 18,
    "body_size_mobile": 14,
    "text_size": "small",
    "layout_width": "page-width",
    "page_width": 1600,
    "padding_full_width": 68,
    "spacing_grid_horizontal": 15,
    "spacing_grid_vertical": 15,
    "enable_animated_cursor": true,
    "colors_animated_cursor": "#6c3c3a",
    "buttons_font_size": 16,
    "buttons_font_weight": "normal",
    "buttons_border_thickness": 1,
    "buttons_border_opacity": 100,
    "buttons_radius": 0,
    "buttons_shadow_opacity": 0,
    "buttons_shadow_horizontal_offset": 0,
    "buttons_shadow_vertical_offset": 4,
    "buttons_shadow_blur": 5,
    "variant_pills_border_thickness": 0,
    "variant_pills_border_opacity": 100,
    "variant_pills_radius": 40,
    "variant_pills_shadow_opacity": 40,
    "variant_pills_shadow_horizontal_offset": 0,
    "variant_pills_shadow_vertical_offset": 4,
    "variant_pills_shadow_blur": 10,
    "inputs_border_thickness": 1,
    "inputs_border_opacity": 55,
    "inputs_radius": 0,
    "inputs_shadow_opacity": 0,
    "inputs_shadow_horizontal_offset": 0,
    "inputs_shadow_vertical_offset": 4,
    "inputs_shadow_blur": 5,
    "product_cards_style": "default",
    "card_button_text_size": "small",
    "card_button_type": "transparent",
    "show_secondary_image": true,
    "show_vendor_product": true,
    "show_rating_product": true,
    "enable_quick_add": true,
    "show_swatch": true,
    "show_rating_mobile": true,
    "show_swatch_mobile": false,
    "show_product_discounts": true,
    "discounts_colors_text": "#d22a15",
    "discounts_text_size": "small",
    "media_border_thickness": 1,
    "media_border_opacity": 5,
    "media_radius": 0,
    "media_shadow_horizontal_offset": 0,
    "media_shadow_vertical_offset": 4,
    "media_shadow_blur": 5,
    "popup_border_thickness": 1,
    "popup_border_opacity": 10,
    "popup_corner_radius": 0,
    "popup_shadow_opacity": 0,
    "popup_shadow_horizontal_offset": 0,
    "popup_shadow_vertical_offset": 4,
    "popup_shadow_blur": 5,
    "drawer_border_thickness": 1,
    "drawer_border_opacity": 10,
    "drawer_shadow_opacity": 0,
    "drawer_shadow_horizontal_offset": 0,
    "drawer_shadow_vertical_offset": 4,
    "drawer_shadow_blur": 5,
    "badge_font_size": 14,
    "badge_transform": "uppercase",
    "badge_position": "top left",
    "badge_corner_radius": 0,
    "badge_horizontal_distance": 12,
    "badge_vertical_distance": 12,
    "badge_horizontal_thickness": 11,
    "badge_vertical_thickness": 2,
    "social_facebook_link": "https:\/\/facebook.com\/shopify",
    "social_instagram_link": "http:\/\/instagram.com\/shopify",
    "social_youtube_link": "",
    "social_tiktok_link": "",
    "social_twitter_link": "https:\/\/twitter.com\/shopify",
    "social_snapchat_link": "",
    "social_pinterest_link": "https:\/\/pinterest.com\/shopify",
    "social_tumblr_link": "",
    "social_vimeo_link": "",
    "predictive_search_enabled": true,
    "predictive_search_show_vendor": true,
    "predictive_search_show_price": true,
    "currency_code_enabled": true,
    "cart_type": "drawer",
    "show_vendor": false,
    "show_cart_note": true,
    "cart_color_scheme": "background-1",
    "checkout_color_scheme": "background-1",
    "checkout_button_transparent": "default",
    "view_cart_color_scheme": "scheme-06080b3f-4cd8-4a34-99a2-b3f3ed18987c",
    "view_cart_button_transparent": "transparent",
    "continue_shopping_color_scheme": "accent-2",
    "login_color_scheme": "background-1",
    "sign_in_color_scheme": "background-1",
    "create_account_color_scheme": "scheme-06080b3f-4cd8-4a34-99a2-b3f3ed18987c",
    "create_account_button_transparent": "transparent",
    "multitasking_secondary_button_label": "#000000",
    "multitasking_secondary_button_background": "#dcefe0",
    "enable_following_cursor": true,
    "following_cursor_style": "blur",
    "colors_following_cursor": "#6c3c3a",
    "heading_scale": 100,
    "body_scale": 100,
    "preloading_screen_logo": "shopify:\/\/shop_images\/concept-logo_5f74b6f0-f224-434d-a796-b8cad5d7659e.png",
    "preloading_screen_logo_width": 180,
    "colors_text": "#121212",
    "button_colors_text": "#FFFFFF",
    "button_colors_background": "#121212",
    "logo": "shopify:\/\/shop_images\/concept-logo_5f74b6f0-f224-434d-a796-b8cad5d7659e.png",
    "logo_width": 90,
    "spacing_sections": 0,
    "blog_card_style": "standard",
    "blog_card_image_padding": 0,
    "blog_card_text_alignment": "left",
    "blog_card_color_scheme": "background-2",
    "blog_card_border_thickness": 0,
    "blog_card_border_opacity": 10,
    "blog_card_corner_radius": 0,
    "blog_card_shadow_opacity": 0,
    "blog_card_shadow_horizontal_offset": 0,
    "blog_card_shadow_vertical_offset": 4,
    "blog_card_shadow_blur": 5,
    "text_boxes_border_thickness": 0,
    "text_boxes_border_opacity": 10,
    "text_boxes_radius": 0,
    "text_boxes_shadow_opacity": 0,
    "text_boxes_shadow_horizontal_offset": 0,
    "text_boxes_shadow_vertical_offset": 4,
    "text_boxes_shadow_blur": 5,
    "media_shadow_opacity": 0,
    "collection_card_style": "standard",
    "collection_card_image_padding": 0,
    "collection_card_text_alignment": "left",
    "collection_card_color_scheme": "background-2",
    "collection_card_border_thickness": 0,
    "collection_card_border_opacity": 10,
    "collection_card_corner_radius": 0,
    "collection_card_shadow_opacity": 0,
    "collection_card_shadow_horizontal_offset": 0,
    "collection_card_shadow_vertical_offset": 4,
    "collection_card_shadow_blur": 5,
    "sale_badge_color_scheme": "accent-2",
    "sold_out_badge_color_scheme": "inverse",
    "card_image_padding": 0,
    "card_text_alignment": "left",
    "card_border_thickness": 0,
    "card_border_opacity": 10,
    "card_corner_radius": 0,
    "card_shadow_opacity": 0,
    "card_shadow_horizontal_offset": 0,
    "card_shadow_vertical_offset": 4,
    "card_shadow_blur": 5,
    "card_style": "standard",
    "card_color_scheme": "background-2",
    "accent_icons": "text",
    "brand_headline": "",
    "brand_description": "<p><\/p>",
    "brand_image_width": 100,
    "colors_solid_button_labels": "#ffffff",
    "colors_accent_1": "#121212",
    "gradient_accent_1": "",
    "colors_accent_2": "#334fb4",
    "gradient_accent_2": "",
    "colors_outline_button_labels": "#121212",
    "colors_background_1": "#ffffff",
    "gradient_background_1": "",
    "colors_background_2": "#f3f3f3",
    "gradient_background_2": "",
    "cart_drawer_collection": "",
    "sections": {
      "main-password-header": {
        "type": "main-password-header",
        "settings": {
          "logo": "shopify:\/\/shop_images\/concept-logo_5f74b6f0-f224-434d-a796-b8cad5d7659e.png",
          "logo_max_width": 180
        }
      },
      "main-password-footer": {
        "type": "main-password-footer",
        "settings": {
        }
      }
    },
    "content_for_index": [

    ],
    "blocks": {
      "13768625480086291342": {
        "type": "shopify:\/\/apps\/forms\/blocks\/forms\/8744a304-fcb1-4347-b211-bb6b4759a76a",
        "disabled": true,
        "settings": {
        }
      }
    },
    "color_schemes": {
      "background-1": {
        "settings": {
          "text": "#000000",
          "text_link": "#000000",
          "background": "#ffffff",
          "background_gradient": "",
          "button_label": "#ffffff",
          "button_background": "#2a0e2a",
          "button_gradient": "",
          "secondary_button_label": "#2a0e2a",
          "secondary_button_background": "#dcefe0",
          "secondary_button_gradient": "",
          "arrow": "#121212",
          "arrow_background": "#ffffff",
          "arrow_gradient": "",
          "secondary_arrow": "#ffffff",
          "secondary_arrow_background": "#000000",
          "secondary_arrow_gradient": "",
          "shadow": "#e0e0e0"
        }
      },
      "background-2": {
        "settings": {
          "text": "#000000",
          "text_link": "#000000",
          "background": "rgba(0,0,0,0)",
          "background_gradient": "",
          "button_label": "#ffffff",
          "button_background": "#2a0e2a",
          "button_gradient": "",
          "secondary_button_label": "#2a0e2a",
          "secondary_button_background": "#ffffff",
          "secondary_button_gradient": "",
          "arrow": "#121212",
          "arrow_background": "rgba(0,0,0,0)",
          "arrow_gradient": "",
          "secondary_arrow": "#ffffff",
          "secondary_arrow_background": "#121212",
          "secondary_arrow_gradient": "",
          "shadow": "#ffffff"
        }
      },
      "inverse": {
        "settings": {
          "text": "#ffffff",
          "text_link": "#ffffff",
          "background": "rgba(0,0,0,0)",
          "background_gradient": "",
          "button_label": "#ffffff",
          "button_background": "#ffffff",
          "button_gradient": "",
          "secondary_button_label": "#ffffff",
          "secondary_button_background": "#ffffff",
          "secondary_button_gradient": "",
          "arrow": "#121212",
          "arrow_background": "rgba(0,0,0,0)",
          "arrow_gradient": "",
          "secondary_arrow": "#121212",
          "secondary_arrow_background": "rgba(0,0,0,0)",
          "secondary_arrow_gradient": "",
          "shadow": "#121212"
        }
      },
      "accent-1": {
        "settings": {
          "text": "#ffffff",
          "text_link": "#ffffff",
          "background": "#000000",
          "background_gradient": "",
          "button_label": "#ffffff",
          "button_background": "#2a0e2a",
          "button_gradient": "",
          "secondary_button_label": "#2a0e2a",
          "secondary_button_background": "#ffffff",
          "secondary_button_gradient": "",
          "arrow": "#121212",
          "arrow_background": "rgba(0,0,0,0)",
          "arrow_gradient": "",
          "secondary_arrow": "#121212",
          "secondary_arrow_background": "rgba(0,0,0,0)",
          "secondary_arrow_gradient": "",
          "shadow": "#121212"
        }
      },
      "accent-2": {
        "settings": {
          "text": "#000000",
          "text_link": "#000000",
          "background": "#ffffff",
          "background_gradient": "",
          "button_label": "#000000",
          "button_background": "#121212",
          "button_gradient": "",
          "secondary_button_label": "#ffffff",
          "secondary_button_background": "#000000",
          "secondary_button_gradient": "",
          "arrow": "#121212",
          "arrow_background": "#ffffff",
          "arrow_gradient": "",
          "secondary_arrow": "#ffffff",
          "secondary_arrow_background": "#121212",
          "secondary_arrow_gradient": "",
          "shadow": "rgba(0,0,0,0)"
        }
      },
      "scheme-06080b3f-4cd8-4a34-99a2-b3f3ed18987c": {
        "settings": {
          "text": "#2a0e2a",
          "text_link": "#2a0e2a",
          "background": "#ffffff",
          "background_gradient": "",
          "button_label": "#121212",
          "button_background": "#2a0e2a",
          "button_gradient": "",
          "secondary_button_label": "#ffffff",
          "secondary_button_background": "#2a0e2a",
          "secondary_button_gradient": "",
          "arrow": "#121212",
          "arrow_background": "#ffffff",
          "arrow_gradient": "",
          "secondary_arrow": "#ffffff",
          "secondary_arrow_background": "#000000",
          "secondary_arrow_gradient": "",
          "shadow": "#b4b4b4"
        }
      },
      "scheme-e73a3976-e92b-4f6f-8b4d-2a58fb5b1976": {
        "settings": {
          "text": "#000000",
          "text_link": "#000000",
          "background": "#dcefe0",
          "background_gradient": "",
          "button_label": "#ffffff",
          "button_background": "#2a0e2a",
          "button_gradient": "",
          "secondary_button_label": "#2a0e2a",
          "secondary_button_background": "#ffffff",
          "secondary_button_gradient": "",
          "arrow": "#121212",
          "arrow_background": "rgba(0,0,0,0)",
          "arrow_gradient": "",
          "secondary_arrow": "#121212",
          "secondary_arrow_background": "rgba(0,0,0,0)",
          "secondary_arrow_gradient": "",
          "shadow": "#121212"
        }
      },
      "scheme-3bc955e8-1553-49ce-a8e6-8e4f75826bc6": {
        "settings": {
          "text": "#ffffff",
          "text_link": "#2d2d2d",
          "background": "#6c3c3a",
          "background_gradient": "",
          "button_label": "#2a0e2a",
          "button_background": "#ffffff",
          "button_gradient": "",
          "secondary_button_label": "#ffffff",
          "secondary_button_background": "#2a0e2a",
          "secondary_button_gradient": "",
          "arrow": "#121212",
          "arrow_background": "rgba(0,0,0,0)",
          "arrow_gradient": "",
          "secondary_arrow": "#121212",
          "secondary_arrow_background": "rgba(0,0,0,0)",
          "secondary_arrow_gradient": "",
          "shadow": "#121212"
        }
      },
      "scheme-c241f903-8491-450e-815f-a6ee9d7c66b6": {
        "settings": {
          "text": "#2a0e2a",
          "text_link": "#000000",
          "background": "#ffffff",
          "background_gradient": "",
          "button_label": "#ffffff",
          "button_background": "#2a0e2a",
          "button_gradient": "",
          "secondary_button_label": "#2a0e2a",
          "secondary_button_background": "#dcefe0",
          "secondary_button_gradient": "",
          "arrow": "#121212",
          "arrow_background": "#ffffff",
          "arrow_gradient": "",
          "secondary_arrow": "#ffffff",
          "secondary_arrow_background": "#000000",
          "secondary_arrow_gradient": "",
          "shadow": "#e0e0e0"
        }
      },
      "scheme-9195152a-f67f-4a14-959a-efe8e5cc65b6": {
        "settings": {
          "text": "#2a0e2a",
          "text_link": "#2a0e2a",
          "background": "#f8e5e1",
          "background_gradient": "",
          "button_label": "#000000",
          "button_background": "#ffffff",
          "button_gradient": "",
          "secondary_button_label": "#ffffff",
          "secondary_button_background": "#000000",
          "secondary_button_gradient": "",
          "arrow": "#121212",
          "arrow_background": "#ffffff",
          "arrow_gradient": "",
          "secondary_arrow": "#ffffff",
          "secondary_arrow_background": "#000000",
          "secondary_arrow_gradient": "",
          "shadow": "#e0e0e0"
        }
      },
      "scheme-99e6136e-0da1-4908-8c6d-6df19ca57079": {
        "settings": {
          "text": "#2a0e2a",
          "text_link": "#2a0e2a",
          "background": "#ffffff",
          "background_gradient": "",
          "button_label": "#ffffff",
          "button_background": "#2a0e2a",
          "button_gradient": "",
          "secondary_button_label": "#2a0e2a",
          "secondary_button_background": "#dcefe0",
          "secondary_button_gradient": "",
          "arrow": "#121212",
          "arrow_background": "#ffffff",
          "arrow_gradient": "",
          "secondary_arrow": "#ffffff",
          "secondary_arrow_background": "#000000",
          "secondary_arrow_gradient": "",
          "shadow": "#e0e0e0"
        }
      },
      "scheme-b53aaaf6-d4d2-4722-94b6-c857c8e791e3": {
        "settings": {
          "text": "#2a0e2a",
          "text_link": "#2a0e2a",
          "background": "rgba(0,0,0,0)",
          "background_gradient": "",
          "button_label": "#ffffff",
          "button_background": "#2a0e2a",
          "button_gradient": "",
          "secondary_button_label": "#000000",
          "secondary_button_background": "#dcefe0",
          "secondary_button_gradient": "",
          "arrow": "#121212",
          "arrow_background": "#ffffff",
          "arrow_gradient": "",
          "secondary_arrow": "#ffffff",
          "secondary_arrow_background": "#000000",
          "secondary_arrow_gradient": "",
          "shadow": "#e0e0e0"
        }
      },
      "scheme-f1b707b9-9166-4638-81dc-8d500cf73a11": {
        "settings": {
          "text": "#000000",
          "text_link": "#000000",
          "background": "#ffffff",
          "background_gradient": "",
          "button_label": "#2a0e2a",
          "button_background": "#b3b3b3",
          "button_gradient": "",
          "secondary_button_label": "#2a0e2a",
          "secondary_button_background": "#dcefe0",
          "secondary_button_gradient": "",
          "arrow": "#2a0e2a",
          "arrow_background": "#545454",
          "arrow_gradient": "",
          "secondary_arrow": "#ffffff",
          "secondary_arrow_background": "#000000",
          "secondary_arrow_gradient": "",
          "shadow": "#e0e0e0"
        }
      },
      "scheme-85e4ca07-7318-49e3-be19-742ca58cc6e0": {
        "settings": {
          "text": "#000000",
          "text_link": "#000000",
          "background": "#fbefec",
          "background_gradient": "",
          "button_label": "#ffffff",
          "button_background": "#2a0e2a",
          "button_gradient": "",
          "secondary_button_label": "#2a0e2a",
          "secondary_button_background": "#dcefe0",
          "secondary_button_gradient": "",
          "arrow": "#121212",
          "arrow_background": "#ffffff",
          "arrow_gradient": "",
          "secondary_arrow": "#ffffff",
          "secondary_arrow_background": "#000000",
          "secondary_arrow_gradient": "",
          "shadow": "#e0e0e0"
        }
      },
      "scheme-96e15e99-90db-4172-8762-f8bf0a0423fa": {
        "settings": {
          "text": "#000000",
          "text_link": "#000000",
          "background": "#ffffff",
          "background_gradient": "",
          "button_label": "#000000",
          "button_background": "#2a0e2a",
          "button_gradient": "",
          "secondary_button_label": "#ffffff",
          "secondary_button_background": "#2a0e2a",
          "secondary_button_gradient": "",
          "arrow": "#121212",
          "arrow_background": "#ffffff",
          "arrow_gradient": "",
          "secondary_arrow": "#ffffff",
          "secondary_arrow_background": "#000000",
          "secondary_arrow_gradient": "",
          "shadow": "#e0e0e0"
        }
      },
      "scheme-6c1043dc-4396-4897-b151-ed384dd2be90": {
        "settings": {
          "text": "#000000",
          "text_link": "#000000",
          "background": "#dfcee5",
          "background_gradient": "",
          "button_label": "#ffffff",
          "button_background": "#2a0e2a",
          "button_gradient": "",
          "secondary_button_label": "#2a0e2a",
          "secondary_button_background": "#dcefe0",
          "secondary_button_gradient": "",
          "arrow": "#121212",
          "arrow_background": "#ffffff",
          "arrow_gradient": "",
          "secondary_arrow": "#ffffff",
          "secondary_arrow_background": "#000000",
          "secondary_arrow_gradient": "",
          "shadow": "#e0e0e0"
        }
      }
    }
  },
  "presets": {
    "Default": {
      "logo_width": 90,
      "color_schemes": {
        "background-1": {
          "settings": {
            "background": "#FFFFFF",
            "background_gradient": "",
            "text": "#121212",
            "button": "#121212",
            "button_label": "#FFFFFF",
            "secondary_button_label": "#121212",
            "shadow": "#121212"
          }
        },
        "background-2": {
          "settings": {
            "background": "#F3F3F3",
            "background_gradient": "",
            "text": "#121212",
            "button": "#121212",
            "button_label": "#121212",
            "secondary_button_label": "#121212",
            "shadow": "#121212"
          }
        },
        "inverse": {
          "settings": {
            "background": "#242833",
            "background_gradient": "",
            "text": "#FFFFFF",
            "button": "#FFFFFF",
            "button_label": "#000000",
            "secondary_button_label": "#FFFFFF",
            "shadow": "#121212"
          }
        },
        "accent-1": {
          "settings": {
            "background": "#121212",
            "background_gradient": "",
            "text": "#FFFFFF",
            "button": "#FFFFFF",
            "button_label": "#121212",
            "secondary_button_label": "#FFFFFF",
            "shadow": "#121212"
          }
        },
        "accent-2": {
          "settings": {
            "background": "#334FB4",
            "background_gradient": "",
            "text": "#FFFFFF",
            "button": "#FFFFFF",
            "button_label": "#334FB4",
            "secondary_button_label": "#FFFFFF",
            "shadow": "#121212"
          }
        }
      },
      "type_header_font": "assistant_n4",
      "heading_scale": 100,
      "type_body_font": "assistant_n4",
      "body_scale": 100,
      "page_width": 1200,
      "spacing_sections": 0,
      "spacing_grid_horizontal": 8,
      "spacing_grid_vertical": 8,
      "buttons_border_thickness": 1,
      "buttons_border_opacity": 100,
      "buttons_radius": 0,
      "buttons_shadow_opacity": 0,
      "buttons_shadow_horizontal_offset": 0,
      "buttons_shadow_vertical_offset": 4,
      "buttons_shadow_blur": 5,
      "variant_pills_border_thickness": 1,
      "variant_pills_border_opacity": 55,
      "variant_pills_radius": 40,
      "variant_pills_shadow_opacity": 0,
      "variant_pills_shadow_horizontal_offset": 0,
      "variant_pills_shadow_vertical_offset": 4,
      "variant_pills_shadow_blur": 5,
      "inputs_border_thickness": 1,
      "inputs_border_opacity": 55,
      "inputs_radius": 0,
      "inputs_shadow_opacity": 0,
      "inputs_shadow_horizontal_offset": 0,
      "inputs_shadow_vertical_offset": 4,
      "inputs_shadow_blur": 5,
      "card_style": "standard",
      "card_image_padding": 0,
      "card_text_alignment": "left",
      "card_color_scheme": "background-2",
      "card_border_thickness": 0,
      "card_border_opacity": 10,
      "card_corner_radius": 0,
      "card_shadow_opacity": 0,
      "card_shadow_horizontal_offset": 0,
      "card_shadow_vertical_offset": 4,
      "card_shadow_blur": 5,
      "collection_card_style": "standard",
      "collection_card_image_padding": 0,
      "collection_card_text_alignment": "left",
      "collection_card_color_scheme": "background-2",
      "collection_card_border_thickness": 0,
      "collection_card_border_opacity": 10,
      "collection_card_corner_radius": 0,
      "collection_card_shadow_opacity": 0,
      "collection_card_shadow_horizontal_offset": 0,
      "collection_card_shadow_vertical_offset": 4,
      "collection_card_shadow_blur": 5,
      "blog_card_style": "standard",
      "blog_card_image_padding": 0,
      "blog_card_text_alignment": "left",
      "blog_card_color_scheme": "background-2",
      "blog_card_border_thickness": 0,
      "blog_card_border_opacity": 10,
      "blog_card_corner_radius": 0,
      "blog_card_shadow_opacity": 0,
      "blog_card_shadow_horizontal_offset": 0,
      "blog_card_shadow_vertical_offset": 4,
      "blog_card_shadow_blur": 5,
      "text_boxes_border_thickness": 0,
      "text_boxes_border_opacity": 10,
      "text_boxes_radius": 0,
      "text_boxes_shadow_opacity": 0,
      "text_boxes_shadow_horizontal_offset": 0,
      "text_boxes_shadow_vertical_offset": 4,
      "text_boxes_shadow_blur": 5,
      "media_border_thickness": 1,
      "media_border_opacity": 5,
      "media_radius": 0,
      "media_shadow_opacity": 0,
      "media_shadow_horizontal_offset": 0,
      "media_shadow_vertical_offset": 4,
      "media_shadow_blur": 5,
      "popup_border_thickness": 1,
      "popup_border_opacity": 10,
      "popup_corner_radius": 0,
      "popup_shadow_opacity": 0,
      "popup_shadow_horizontal_offset": 0,
      "popup_shadow_vertical_offset": 4,
      "popup_shadow_blur": 5,
      "drawer_border_thickness": 1,
      "drawer_border_opacity": 10,
      "drawer_shadow_opacity": 0,
      "drawer_shadow_horizontal_offset": 0,
      "drawer_shadow_vertical_offset": 4,
      "drawer_shadow_blur": 5,
      "badge_position": "bottom left",
      "badge_corner_radius": 40,
      "sale_badge_color_scheme": "accent-2",
      "sold_out_badge_color_scheme": "inverse",
      "accent_icons": "text",
      "brand_headline": "",
      "brand_description": "<p><\/p>",
      "brand_image_width": 100,
      "social_twitter_link": "",
      "social_facebook_link": "",
      "social_pinterest_link": "",
      "social_instagram_link": "",
      "social_tiktok_link": "",
      "social_tumblr_link": "",
      "social_snapchat_link": "",
      "social_youtube_link": "",
      "social_vimeo_link": "",
      "predictive_search_enabled": true,
      "predictive_search_show_vendor": false,
      "predictive_search_show_price": false,
      "currency_code_enabled": true,
      "cart_type": "notification",
      "show_vendor": false,
      "show_cart_note": false,
      "cart_drawer_collection": "",
      "sections": {
        "main-password-header": {
          "type": "main-password-header",
          "settings": {
            "logo": "shopify:\/\/shop_images\/concept-logo_5f74b6f0-f224-434d-a796-b8cad5d7659e.png",
            "logo_max_width": 180
          }
        },
        "main-password-footer": {
          "type": "main-password-footer",
          "settings": {
          }
        }
      }
    }
  }
}