{
  "name": "t:sections.footer.name",
  "type": "footer",
  "sections": {
    "footer": {
      "type": "footer",
      "blocks": {
        "17114992-59f7-4a83-bf27-1f00c171e823": {
          "type": "newsletter",
          "settings": {
            "block_width": "default",
            "type_style_newsletter": "special",
            "image_width": 100,
            "heading": "Sign up for 10% off your first oder and discover the best new beauty first.",
            "heading_font": "f-bold",
            "heading_typography": "font-heading",
            "heading_size": "small",
            "heading_size_step": 6,
            "subtext": "",
            "text_size": "medium",
            "text_margin_top": 0,
            "text_margin_bottom": 16,
            "text_alignment": "left",
            "button_label": "",
            "hide_arrow": false,
            "caption": "",
            "caption_size": "medium",
            "check_text": "",
            "show_social": true,
            "social_media_colors_text": "#2d2d2d",
            "social_media_colors_background": "rgba(0,0,0,0)",
            "social_media_gradient_background": "linear-gradient(215deg, rgba(248, 208, 218, 0.7) 34.38%, rgba(195, 236, 252, 0.7) 73.44%)",
            "margin_top": 0,
            "margin_bottom": 0
          }
        },
        "footer-0": {
          "type": "link_list",
          "settings": {
            "heading": "SHOP",
            "heading_font": "f-bold",
            "menu": "categories-blog-page",
            "custom_separator_color": false,
            "separator_color": "rgba(0,0,0,0)",
            "padding_bottom_xs": 15,
            "padding_top_xs": 15
          }
        },
        "footer-1": {
          "type": "link_list",
          "settings": {
            "heading": "ABOUT",
            "heading_font": "f-bold",
            "menu": "further-info",
            "custom_separator_color": false,
            "separator_color": "rgba(0,0,0,0)",
            "padding_bottom_xs": 15,
            "padding_top_xs": 15
          }
        }
      },
      "block_order": [
        "17114992-59f7-4a83-bf27-1f00c171e823",
        "footer-0",
        "footer-1"
      ],
      "settings": {
        "type_style": "special",
        "section_width": "page-width",
        "customize_width": 1800,
        "margin_top": 0,
        "heading_size": "default",
        "heading_typography": "font-heading",
        "text_size": "default",
        "text_typography": "font-heading",
        "link_row_gap": 0,
        "show_line_separator": false,
        "footer_top_padding_top": 0,
        "footer_top_padding_bottom": 25,
        "footer_top_padding_top_mobile": 20,
        "footer_top_padding_bottom_mobile": 0,
        "footer_top_color_scheme": "",
        "footer_bot_show_line_separator": false,
        "footer_bottom_padding_top": 26,
        "footer_bottom_padding_bottom": 26,
        "footer_bottom_padding_top_mobile": 60,
        "footer_bottom_padding_bottom_mobile": 20,
        "footer_bottom_color_scheme": "",
        "bottom_text_size": "small",
        "enable_country_selector": false,
        "enable_language_selector": false,
        "payment_enable": false,
        "show_copyright_and_powered": true,
        "show_policy": true,
        "show_social": false,
        "social_media_colors_text": "#2d2d2d",
        "social_media_colors_background": "",
        "social_media_gradient_background": ""
      }
    }
  },
  "order": [
    "footer"
  ]
}