{
  "name": "t:sections.header.name",
  "type": "header",
  "sections": {
    "announcement_bar_aqFrkD": {
      "type": "announcement-bar",
      "blocks": {
        "announcement_hrQ4hj": {
          "type": "announcement",
          "settings": {
            "logo_width": 100,
            "text": "<p>FREE SHIPPING ON ORDERS OVER $120<\/p>"
          }
        }
      },
      "block_order": [
        "announcement_hrQ4hj"
      ],
      "settings": {
        "text_size": "medium",
        "enable_autoplay": false,
        "change_slides_speed": 5,
        "enable_link_tablet_mobile": false,
        "label_link": "",
        "link": "",
        "label_link_2": "",
        "link_2": "",
        "color_scheme": "scheme-e73a3976-e92b-4f6f-8b4d-2a58fb5b1976",
        "padding_top": 6,
        "padding_bottom": 6,
        "padding_top_mobile": 6,
        "padding_bottom_mobile": 6
      }
    },
    "header": {
      "type": "header",
      "blocks": {
        "87f8d565-83ad-4293-9399-b59858a4c494": {
          "type": "mega_menu_1",
          "settings": {
            "menu_item": "Shops",
            "section_width": "page-width",
            "customize_width": 1400,
            "image_1": "shopify:\/\/shop_images\/mega-menu-1_d6392542-a71a-4990-84cb-e3f91453facb.jpg",
            "text_image_1": "Beyond templates, Beyond boundaries",
            "link_image_1": "shopify:\/\/collections\/skincare",
            "image_overlay_opacity": 30,
            "color_overlay_opacity": "#000000"
          }
        },
        "mega_menu_2_L3pc9p": {
          "type": "mega_menu_2",
          "settings": {
            "menu_item": "Theme demo",
            "section_width": "page-width",
            "customize_width": 1400,
            "image_1": "shopify:\/\/shop_images\/mega-menu-1_32ef8d52-e743-4118-9e50-6162c10e502e.jpg",
            "text_image_1": "Your Sample Texts",
            "link_image_1": "shopify:\/\/collections\/skincare",
            "image_2": "shopify:\/\/shop_images\/mega-menu-2.jpg",
            "text_image_2": "Your Sample Texts",
            "link_image_2": "shopify:\/\/collections\/skincare",
            "image_3": "shopify:\/\/shop_images\/mega-menu-3.jpg",
            "text_image_3": "Your Sample Texts",
            "link_image_3": "shopify:\/\/collections\/skincare",
            "image_4": "shopify:\/\/shop_images\/mega-menu-1_32ef8d52-e743-4118-9e50-6162c10e502e.jpg",
            "text_image_4": "Your Sample Texts",
            "link_image_4": "shopify:\/\/collections\/skincare"
          }
        },
        "mega_menu_1_JBzhcM": {
          "type": "mega_menu_1",
          "settings": {
            "menu_item": "Products",
            "section_width": "page-width",
            "customize_width": 1400,
            "image_1": "shopify:\/\/shop_images\/mega-menu-5.jpg",
            "text_image_1": "Unleash the extraordinary with CONCEPT",
            "link_image_1": "",
            "image_overlay_opacity": 30,
            "color_overlay_opacity": "#000000"
          }
        }
      },
      "block_order": [
        "87f8d565-83ad-4293-9399-b59858a4c494",
        "mega_menu_2_L3pc9p",
        "mega_menu_1_JBzhcM"
      ],
      "settings": {
        "section_width": "page-width",
        "customize_width": 1800,
        "type_style": "special",
        "show_line_separator": true,
        "type_sticky_header": "scroll-up",
        "color_scheme": "",
        "text_size": "medium",
        "font_transform": "uppercase",
        "enable_transparent": true,
        "logo_transparent": "shopify:\/\/shop_images\/Concept.logo.png",
        "color_opacity_1": 100,
        "text_transparent": "#000000",
        "color_opacity_2": 50,
        "logo": "shopify:\/\/shop_images\/Concept.logo.png",
        "logo_width": 200,
        "logo_position": "middle-left",
        "logo_alignment_desktop": "start",
        "menu": "main-menu",
        "menu_alignment_desktop": "center",
        "spacing_gap": 4,
        "menu_transform": "capitalize",
        "link_type": "line",
        "use_custom_button": false,
        "use_button_label": "Button label",
        "use_button_link": "",
        "icon_type_style": "basic",
        "enable_search": true,
        "enable_account": true,
        "enable_cart": true,
        "enable_wishlist": true,
        "enable_country_selector": false,
        "enable_language_selector": false,
        "function_alignment_desktop": "end",
        "enable_search_mobile": true,
        "enable_account_mobile": true,
        "enable_cart_mobile": true,
        "enable_wishlist_mobile": false,
        "enable_country_selector_mobile": true,
        "enable_language_selector_mobile": true,
        "mobile_logo_position": "left",
        "padding_top": 34,
        "padding_bottom": 0
      }
    }
  },
  "order": [
    "announcement_bar_aqFrkD",
    "header"
  ]
}