{
  "sections": {
    "12b81e44-2b28-427b-9080-19dfb79fd112": {
      "type": "slideshow",
      "blocks": {
        "0cd5f5a1-63fb-4a84-b449-1ac48157843b": {
          "type": "slide",
          "settings": {
            "image": "shopify:\/\/shop_images\/NIMO_HERO_BANNER_4_1.jpg",
            "content_max_width": 780,
            "heading_font": "font-heading",
            "heading": "Discover the of  Cosmetics",
            "heading_size": "default",
            "heading_margin_bottom": 24,
            "subheading": "",
            "subheading_size": "xx-large",
            "subheading_margin_bottom": 30,
            "box_align": "bottom-left",
            "text_alignment": "left",
            "image_overlay_opacity": 30,
            "color_overlay_opacity": "#fff9f9",
            "primary_button_label": "OUR MAKEUP PRODUCTS",
            "primary_button_link": "shopify:\/\/collections\/skincare",
            "secondary_button_label": "",
            "secondary_button_link": "",
            "button_transparent": "default",
            "button_spacing_between": 10,
            "buttons_direction": "horizontal",
            "padding_top_bottom": 100,
            "padding_left_right": 0
          }
        },
        "template--16793024757999__12b81e44-2b28-427b-9080-19dfb79fd112-1676275303a720accc-0": {
          "type": "slide",
          "disabled": true,
          "settings": {
            "image": "shopify:\/\/shop_images\/hero-banner.jpg",
            "content_max_width": 910,
            "heading_font": "font-heading",
            "heading": "Glowing Skin Unveil Your Natural Radiance",
            "heading_size": "default",
            "heading_margin_bottom": 24,
            "subheading": "",
            "subheading_size": "xx-large",
            "subheading_margin_bottom": 30,
            "box_align": "bottom-left",
            "text_alignment": "left",
            "image_overlay_opacity": 30,
            "color_overlay_opacity": "#fff9f9",
            "primary_button_label": "OUR SKINCARE PRODUCTS",
            "primary_button_link": "shopify:\/\/collections\/skincare",
            "secondary_button_label": "",
            "secondary_button_link": "",
            "button_transparent": "default",
            "button_spacing_between": 10,
            "buttons_direction": "horizontal",
            "padding_top_bottom": 100,
            "padding_left_right": 0
          }
        },
        "97c34bca-dfa8-4dc9-866d-dad1652f3c8d": {
          "type": "slide",
          "disabled": true,
          "settings": {
            "image": "shopify:\/\/shop_images\/NIMO_HERO_BANNER_5.jpg",
            "content_max_width": 910,
            "heading_font": "font-heading",
            "heading": "Discover a World of Makeup Creations",
            "heading_size": "default",
            "heading_margin_bottom": 24,
            "subheading": "",
            "subheading_size": "xx-large",
            "subheading_margin_bottom": 30,
            "box_align": "bottom-left",
            "text_alignment": "left",
            "image_overlay_opacity": 40,
            "color_overlay_opacity": "#fff9f9",
            "primary_button_label": "OUR COLLECTIONS",
            "primary_button_link": "shopify:\/\/collections\/skincare",
            "secondary_button_label": "",
            "secondary_button_link": "",
            "button_transparent": "default",
            "button_spacing_between": 10,
            "buttons_direction": "horizontal",
            "padding_top_bottom": 100,
            "padding_left_right": 0
          }
        }
      },
      "block_order": [
        "0cd5f5a1-63fb-4a84-b449-1ac48157843b",
        "template--16793024757999__12b81e44-2b28-427b-9080-19dfb79fd112-1676275303a720accc-0",
        "97c34bca-dfa8-4dc9-866d-dad1652f3c8d"
      ],
      "settings": {
        "section_width": "page-width",
        "customize_width": 1000,
        "image_ratio": "full-screen",
        "image_ratio_mobile": "550px",
        "color_scheme": "background-1",
        "arrows_type": "md",
        "arrows_position": "bottom-right",
        "carousel_infinite_scroll": true,
        "enable_autoplay": true,
        "color_autoplay": "#121212",
        "change_slides_speed": 7,
        "enable_pagination_type": "xs",
        "pagination_type": "dots",
        "image_behavior": "parallax-scroll",
        "accessibility_info": "Slideshow about our brand"
      }
    },
    "955f0cdf-8c84-4c14-93da-3c4ac2383e85": {
      "type": "featured-collection",
      "blocks": {
        "c3b6d845-c74b-448a-9948-6becc13d3cf1": {
          "type": "heading",
          "settings": {
            "heading": "What's New",
            "heading_size": "default",
            "label_view_all": "",
            "show_view_all": "link",
            "text_view_all": "SHOP NEW ARRIVALS",
            "text_view_all_size": "x-large",
            "text_alignment": "left",
            "padding_top": 0,
            "padding_bottom": 60
          }
        }
      },
      "block_order": [
        "c3b6d845-c74b-448a-9948-6becc13d3cf1"
      ],
      "settings": {
        "section_width": "page-width",
        "customize_width": 1800,
        "show_line_separator_top": false,
        "show_line_separator_bottom": false,
        "collection": "new-arrivals",
        "product_list": [

        ],
        "products_to_show": 4,
        "carousel_number": 4,
        "carousel_number_tablet": 2,
        "carousel_number_mobile": "2",
        "spacing_desktop": 16,
        "spacing_tablet": 20,
        "spacing_mobile": 8,
        "arrows_type": "md",
        "carousel_infinite_scroll": false,
        "enable_pagination_type": "xs",
        "pagination_type": "dashed",
        "color_scheme": "background-1",
        "use_background_gradient": true,
        "colors_background_special": "",
        "gradient_background_special": "linear-gradient(215deg, rgba(248, 208, 218, 0.45) 34.38%, rgba(195, 236, 252, 0.45) 73.44%)",
        "text_animation": "none",
        "padding_top": 100,
        "padding_bottom": 50,
        "padding_top_mobile": 60,
        "padding_bottom_mobile": 30
      }
    },
    "8d2b07a5-1c19-4d83-b4de-122a28e5c67c": {
      "type": "spotlight-products",
      "settings": {
        "type_style": "classic",
        "header_width": "page-width",
        "customize_width_header": 1800,
        "image": "shopify:\/\/shop_images\/splotlight-banner.jpg",
        "heading": "Spotlight Products",
        "text_view_all": "VIEW MORE",
        "collection": "featured-product-tab-all",
        "products_to_show": 5,
        "show_secondary_image": false,
        "show_vendor_product": true,
        "show_rating_product": false,
        "enable_quick_add": false,
        "show_swatch": false,
        "card_button_type": "default",
        "card_button_transform": "capitalize",
        "arrows_type": "lg",
        "enable_pagination_type": "all",
        "pagination_type": "none",
        "horizontal_1": 57,
        "vertical_1": 15,
        "horizontal_2": 50,
        "vertical_2": 22,
        "horizontal_3": 40,
        "vertical_3": 19,
        "horizontal_4": 70,
        "vertical_4": 60,
        "horizontal_5": 43,
        "vertical_5": 65,
        "color_scheme": "inverse",
        "use_background_gradient": false,
        "colors_background_special": "",
        "gradient_background_special": "linear-gradient(215deg, rgba(248, 208, 218, 0.45) 34.38%, rgba(195, 236, 252, 0.45) 73.44%)",
        "product_color_scheme": "inverse",
        "padding_top": 50,
        "padding_bottom": 50,
        "padding_top_mobile": 30,
        "padding_bottom_mobile": 30
      }
    },
    "496e3ccd-49a7-4461-951f-0d3c7a67bf86": {
      "type": "image-banner",
      "blocks": {
        "template--16801853964527__496e3ccd-49a7-4461-951f-0d3c7a67bf86-1679294957e276c25c-0": {
          "type": "heading",
          "settings": {
            "heading": "“Explore our premium skincare and makeup products, meticulously crafted to enhance your natural features and elevate your confidence.”",
            "heading_size": "x-small",
            "padding_top": 0,
            "padding_bottom": 24
          }
        },
        "template--16801853964527__496e3ccd-49a7-4461-951f-0d3c7a67bf86-1679294957e276c25c-2": {
          "type": "buttons",
          "settings": {
            "button_transparent": "default",
            "primary_button_label": "SHOP NOW",
            "primary_button_link": "shopify:\/\/collections\/skincare",
            "secondary_button_label": "",
            "secondary_button_link": "",
            "padding_top": 16,
            "padding_bottom": 0
          }
        }
      },
      "block_order": [
        "template--16801853964527__496e3ccd-49a7-4461-951f-0d3c7a67bf86-1679294957e276c25c-0",
        "template--16801853964527__496e3ccd-49a7-4461-951f-0d3c7a67bf86-1679294957e276c25c-2"
      ],
      "settings": {
        "section_width": "page-width",
        "customize_width": 1600,
        "custom_rouded": false,
        "custom_block_rouded": 0,
        "image": "shopify:\/\/shop_images\/image-banner-1_8c625899-95b9-4a4c-8592-86d042a27db8.jpg",
        "content_inside_image_mobile": true,
        "mobile_row_height": 104,
        "desktop_content_position": "middle-center",
        "desktop_content_alignment": "center",
        "mobile_content_alignment": "center",
        "custom_content_max_width": true,
        "content_max_width": 1050,
        "mobile_color_scheme": "default",
        "colors_text": "#ffffff",
        "colors_background": "",
        "gradient_background": "linear-gradient(90deg, rgba(246, 238, 227, 1), rgba(223, 244, 247, 1) 100%)",
        "color_scheme": "scheme-3bc955e8-1553-49ce-a8e6-8e4f75826bc6",
        "image_overlay_opacity": 30,
        "color_overlay_opacity": "#000000",
        "image_behavior": "zoom-on-hover",
        "text_animation": "fade-up",
        "padding_top": 50,
        "padding_bottom": 0,
        "padding_top_mobile": 30,
        "padding_bottom_mobile": 0
      }
    },
    "0b6105a9-a3ce-4181-b45b-7a55c709e140": {
      "type": "marquee",
      "blocks": {
        "014cd128-9d65-44f9-bd2c-9fb0bdbd3c89": {
          "type": "marquee",
          "settings": {
            "type_marquee": "text",
            "text": "<p>Sensitive Skin<\/p>",
            "set_transparent_text": false,
            "enable_color_underline": false,
            "colors_underline": "#000000",
            "options_colors_underline": "full",
            "image_height": 152,
            "link": ""
          }
        },
        "89dbec3f-9cd0-4e65-9063-ba46896929d6": {
          "type": "marquee",
          "settings": {
            "type_marquee": "text",
            "text": "<p>Natural Ingredient<\/p>",
            "set_transparent_text": false,
            "enable_color_underline": false,
            "colors_underline": "#000000",
            "options_colors_underline": "full",
            "image_height": 152,
            "link": ""
          }
        }
      },
      "block_order": [
        "014cd128-9d65-44f9-bd2c-9fb0bdbd3c89",
        "89dbec3f-9cd0-4e65-9063-ba46896929d6"
      ],
      "settings": {
        "section_width": "page-width",
        "customize_width": 1800,
        "enable_full_width": true,
        "enable_cursor_hover": true,
        "show_line_separator": false,
        "duration_speed": 30,
        "heading_font": "font-heading",
        "heading_size": "xx-small",
        "type_separating": "dots",
        "custom_between": false,
        "carousel_gap": 30,
        "color_scheme": "inverse",
        "use_custom_color": false,
        "colors_text": "#000000",
        "colors_background": "rgba(0,0,0,0)",
        "gradient_background": "",
        "padding_top": 53,
        "padding_bottom": 53,
        "padding_top_mobile": 26,
        "padding_bottom_mobile": 26
      }
    },
    "39346011-d7e0-4cbd-9675-31d36f51e544": {
      "type": "featured-collection",
      "blocks": {
        "d48417e8-a53e-41e8-8ea4-2a966cb5b095": {
          "type": "heading",
          "settings": {
            "heading": "Enchanté Collection",
            "heading_size": "default",
            "label_view_all": "",
            "show_view_all": "link",
            "text_view_all": "",
            "text_view_all_size": "x-large",
            "text_alignment": "center",
            "padding_top": 0,
            "padding_bottom": 60
          }
        },
        "f81c4f5a-36de-4d06-878e-ece10c87f24b": {
          "type": "info",
          "settings": {
            "show_collection_description": true,
            "show_collection_image": true,
            "primary_button_label": "EXPLORE THE COLLECTION",
            "text_view_all_size": "x-large",
            "image_behavior": "zoom-in",
            "padding_top": 0,
            "padding_bottom": 60
          }
        }
      },
      "block_order": [
        "d48417e8-a53e-41e8-8ea4-2a966cb5b095",
        "f81c4f5a-36de-4d06-878e-ece10c87f24b"
      ],
      "settings": {
        "section_width": "page-width",
        "customize_width": 1800,
        "show_line_separator_top": false,
        "show_line_separator_bottom": false,
        "collection": "unleash-your-beauty-with-laoriv-cosmetics",
        "product_list": [

        ],
        "products_to_show": 3,
        "carousel_number": 3,
        "carousel_number_tablet": 2,
        "carousel_number_mobile": "2",
        "spacing_desktop": 50,
        "spacing_tablet": 20,
        "spacing_mobile": 8,
        "arrows_type": "none",
        "carousel_infinite_scroll": false,
        "enable_pagination_type": "all",
        "pagination_type": "dashed",
        "color_scheme": "",
        "use_background_gradient": true,
        "colors_background_special": "",
        "gradient_background_special": "linear-gradient(215deg, rgba(248, 208, 218, 0.45) 34.38%, rgba(195, 236, 252, 0.45) 73.44%)",
        "text_animation": "none",
        "padding_top": 100,
        "padding_bottom": 99,
        "padding_top_mobile": 50,
        "padding_bottom_mobile": 50
      }
    },
    "e88ae79b-c17b-4927-9bee-9f673b0e2014": {
      "type": "double-banner",
      "blocks": {
        "ae14916b-671d-40d9-ad5d-7cb9a4b2f3d1": {
          "type": "heading",
          "settings": {
            "heading": "\"Discover NIMO Skincare Rountine Unlock Your Beauty Potential with our Skincare Cosmetics\"",
            "heading_size": "default",
            "padding_top": 0,
            "padding_bottom": 0
          }
        },
        "e948ed95-5d05-48a1-a390-4b2a1a62faae": {
          "type": "buttons",
          "settings": {
            "primary_button_label": "SHOP NOW",
            "primary_button_link": "shopify:\/\/collections\/new-arrivals",
            "padding_top": 10,
            "padding_bottom": 10
          }
        }
      },
      "block_order": [
        "ae14916b-671d-40d9-ad5d-7cb9a4b2f3d1",
        "e948ed95-5d05-48a1-a390-4b2a1a62faae"
      ],
      "settings": {
        "section_width": "full-width",
        "customize_width": 1800,
        "image_first": "shopify:\/\/shop_images\/db-banner-1.jpg",
        "image_second": "shopify:\/\/shop_images\/db-banner-2.jpg",
        "mobile_row_height": 212,
        "image_overlay_opacity": 30,
        "color_overlay_opacity": "#000000",
        "color_scheme": "background-1",
        "use_custom_color": true,
        "colors_text": "#ffffff",
        "colors_background": "",
        "gradient_background": "",
        "image_animation": "flip-down",
        "image_behavior": "prl-scroll",
        "text_animation": "fade-up",
        "padding_top": 0,
        "padding_bottom": 0,
        "padding_top_mobile": 0,
        "padding_bottom_mobile": 0
      }
    },
    "fc194cff-d3e8-4e1e-bfac-da01a9cbf287": {
      "type": "featured-collection",
      "blocks": {
        "d9cc5e8e-4fab-4985-8d3a-765cbe4d7ca1": {
          "type": "heading",
          "settings": {
            "heading": "Discover The Essentials",
            "heading_size": "default",
            "label_view_all": "",
            "show_view_all": "link",
            "text_view_all": "SHOP NOW",
            "text_view_all_size": "x-large",
            "text_alignment": "left",
            "padding_top": 0,
            "padding_bottom": 60
          }
        }
      },
      "block_order": [
        "d9cc5e8e-4fab-4985-8d3a-765cbe4d7ca1"
      ],
      "settings": {
        "section_width": "page-width",
        "customize_width": 1800,
        "show_line_separator_top": false,
        "show_line_separator_bottom": false,
        "collection": "discover-the-essentials",
        "product_list": [
          "uv-daily-spf-40-sheer-moisturizer-4",
          "advanced-multi-perfecting-red-oil-serum-3",
          "vbotanical-infused-sebu-spot-blemish-gel-2",
          "adaptogen-deep-moisture-cream",
          "perla-brillante-daily-renewal-cream-1"
        ],
        "products_to_show": 4,
        "carousel_number": 3.2,
        "carousel_number_tablet": 2,
        "carousel_number_mobile": "2",
        "spacing_desktop": 20,
        "spacing_tablet": 20,
        "spacing_mobile": 8,
        "arrows_type": "lg",
        "carousel_infinite_scroll": false,
        "enable_pagination_type": "sm",
        "pagination_type": "dashed",
        "color_scheme": "background-1",
        "use_background_gradient": true,
        "colors_background_special": "",
        "gradient_background_special": "linear-gradient(135deg, rgba(248, 208, 218, 0.45) 34.38%, rgba(195, 236, 252, 0.45) 73.44%)",
        "text_animation": "none",
        "padding_top": 100,
        "padding_bottom": 100,
        "padding_top_mobile": 50,
        "padding_bottom_mobile": 50
      }
    },
    "59dece03-ceda-4f8f-8b1a-4e08f86e8c9c": {
      "type": "featured-product-tab",
      "blocks": {
        "template--16918164701423__59dece03-ceda-4f8f-8b1a-4e08f86e8c9c-tab-1": {
          "type": "tab",
          "settings": {
            "heading": "Makeup Remover",
            "collection": "featured-product-tab",
            "product_list": [

            ]
          }
        },
        "template--16918164701423__59dece03-ceda-4f8f-8b1a-4e08f86e8c9c-tab-2": {
          "type": "tab",
          "settings": {
            "heading": "Cleansers",
            "collection": "featured-product-tab-2",
            "product_list": [

            ]
          }
        },
        "template--16918164701423__59dece03-ceda-4f8f-8b1a-4e08f86e8c9c-tab-3": {
          "type": "tab",
          "settings": {
            "heading": "Face Mists & Tonner",
            "collection": "featured-product-tab",
            "product_list": [

            ]
          }
        },
        "7c9f5a22-67c6-4d2d-8723-e89800080fb0": {
          "type": "tab",
          "settings": {
            "heading": "Face Serum",
            "collection": "featured-product-tab-2",
            "product_list": [

            ]
          }
        },
        "9c6f6ebe-55d2-495c-aa9a-c7b9d32fdecb": {
          "type": "tab",
          "settings": {
            "heading": "Moisturizers",
            "collection": "featured-product-tab",
            "product_list": [

            ]
          }
        }
      },
      "block_order": [
        "template--16918164701423__59dece03-ceda-4f8f-8b1a-4e08f86e8c9c-tab-1",
        "template--16918164701423__59dece03-ceda-4f8f-8b1a-4e08f86e8c9c-tab-2",
        "template--16918164701423__59dece03-ceda-4f8f-8b1a-4e08f86e8c9c-tab-3",
        "7c9f5a22-67c6-4d2d-8723-e89800080fb0",
        "9c6f6ebe-55d2-495c-aa9a-c7b9d32fdecb"
      ],
      "settings": {
        "type_style": "special",
        "section_width": "customized-width",
        "customize_width": 1500,
        "text_alignment": "center",
        "heading": "Must-have Items",
        "heading_size": "default",
        "text": "<p>Choose the suitable skincare products for hot and fry Summer to maintain the fresh and healthy skin.         <\/p>",
        "color_scheme": "inverse",
        "products_to_show": 5,
        "product_color_scheme": "inverse",
        "card_button_text_size": "medium",
        "arrows_type": "all",
        "enable_pagination_type": "all",
        "pagination_type": "none",
        "text_animation": "fade-up",
        "padding_top": 0,
        "padding_bottom": 20,
        "padding_top_mobile": 0,
        "padding_bottom_mobile": 17
      }
    },
    "4e159d86-5eeb-4230-9981-4de04664e2a3": {
      "type": "quotes",
      "blocks": {
        "template--16903853703407__4e159d86-5eeb-4230-9981-4de04664e2a3-slide-1": {
          "type": "slide",
          "settings": {
            "block_content_max_w": "customize",
            "custom_content_max_w": 1050,
            "text": "“ NIMO has a preternaturally cool reputation for stocking beauty's latest obsessions before everyone else does.”",
            "heading_font": "font-heading",
            "text_size": "x-small",
            "text_margin_bottom": 7,
            "use_custom_size_avatar": false,
            "custom_size_avatar": 40,
            "info": "<h1><strong>ELLE<\/strong><\/h1>",
            "info_size": "xxx-large",
            "rating": "0",
            "text_alignment": "center",
            "time": "",
            "colors_background": ""
          }
        },
        "5589451e-a598-4c65-aaa7-3fdc568bc43f": {
          "type": "slide",
          "settings": {
            "block_content_max_w": "customize",
            "custom_content_max_w": 1050,
            "text": "\"NIMO cosmetics are a game-changer! Top quality, gorgeous packaging.\"",
            "heading_font": "font-heading",
            "text_size": "x-small",
            "text_margin_bottom": 7,
            "use_custom_size_avatar": false,
            "custom_size_avatar": 40,
            "info": "<h1>FENTY<\/h1>",
            "info_size": "xxx-large",
            "rating": "0",
            "text_alignment": "center",
            "time": "",
            "colors_background": ""
          }
        },
        "6d3e3cb3-aa68-4055-bbba-4a3bc2fb9a54": {
          "type": "slide",
          "settings": {
            "block_content_max_w": "customize",
            "custom_content_max_w": 1050,
            "text": "“ NIMO's eyeshadows are amazing. Rich colors, easy to blend, any look possible!”",
            "heading_font": "font-heading",
            "text_size": "x-small",
            "text_margin_bottom": 7,
            "use_custom_size_avatar": false,
            "custom_size_avatar": 40,
            "info": "<h1><strong>DOVINE<\/strong><\/h1>",
            "info_size": "xxx-large",
            "rating": "0",
            "text_alignment": "center",
            "time": "",
            "colors_background": ""
          }
        }
      },
      "block_order": [
        "template--16903853703407__4e159d86-5eeb-4230-9981-4de04664e2a3-slide-1",
        "5589451e-a598-4c65-aaa7-3fdc568bc43f",
        "6d3e3cb3-aa68-4055-bbba-4a3bc2fb9a54"
      ],
      "settings": {
        "type_style": "classic",
        "section_width": "page-width",
        "customize_width": 1800,
        "arrows_type": "lg",
        "carousel_infinite_scroll": true,
        "enable_autoplay": false,
        "change_slides_speed": 5,
        "enable_pagination_type": "all",
        "pagination_type": "dashed",
        "pagination_spacing_top": 45,
        "color_scheme": "inverse",
        "use_custom_color": true,
        "colors_text": "#000000",
        "colors_background": "#c3c3c3",
        "gradient_background": "linear-gradient(134deg, rgba(254, 241, 243, 1) 10.29%, rgba(241, 249, 255, 1) 100%)",
        "padding_top": 100,
        "padding_bottom": 60,
        "padding_top_mobile": 50,
        "padding_bottom_mobile": 31
      }
    },
    "e439c36b-9ab2-4b29-a744-777c306935b1": {
      "type": "featured-blog",
      "blocks": {
        "tags_YGTww6": {
          "type": "tags",
          "settings": {
            "padding_top": 10,
            "padding_bottom": 10
          }
        },
        "heading_Q3VRdb": {
          "type": "heading",
          "settings": {
            "heading_size": "h2",
            "padding_top": 0,
            "padding_bottom": 10
          }
        }
      },
      "block_order": [
        "tags_YGTww6",
        "heading_Q3VRdb"
      ],
      "settings": {
        "header_width": "page-width",
        "content_width": "page-width",
        "customize_width": 1800,
        "padding_container_full_w": 0,
        "show_line_separator": false,
        "icon": "none",
        "heading": "Blog Posts",
        "heading_size": "default",
        "show_view_all": "button",
        "button_label": "VIEW ALL",
        "heading_alignment": "center",
        "heading_margin_bottom": 60,
        "blog": "blog-home-beauty",
        "post_limit": 3,
        "spacing_desktop": 30,
        "spacing_tablet": 30,
        "spacing_mobile": 10,
        "style_layout": "enable_carousel",
        "show_image": true,
        "image_ratio": "landscape",
        "text_per_line": "none",
        "text_alignment": "center",
        "grid_number": 3,
        "grid_number_tablet": 2,
        "grid_number_mobile": 1,
        "carousel_number": 3,
        "carousel_number_tablet": 1.3,
        "t:sections.featured-blog.settings.heading_3": "1.2",
        "arrows_type": "none",
        "enable_pagination_type": "all",
        "pagination_type": "none",
        "color_scheme": "background-1",
        "image_animation": "none",
        "heading_animation": "none",
        "text_animation": "none",
        "padding_top": 100,
        "padding_bottom": 100,
        "padding_top_mobile": 50,
        "padding_bottom_mobile": 50
      }
    }
  },
  "order": [
    "12b81e44-2b28-427b-9080-19dfb79fd112",
    "955f0cdf-8c84-4c14-93da-3c4ac2383e85",
    "8d2b07a5-1c19-4d83-b4de-122a28e5c67c",
    "496e3ccd-49a7-4461-951f-0d3c7a67bf86",
    "0b6105a9-a3ce-4181-b45b-7a55c709e140",
    "39346011-d7e0-4cbd-9675-31d36f51e544",
    "e88ae79b-c17b-4927-9bee-9f673b0e2014",
    "fc194cff-d3e8-4e1e-bfac-da01a9cbf287",
    "59dece03-ceda-4f8f-8b1a-4e08f86e8c9c",
    "4e159d86-5eeb-4230-9981-4de04664e2a3",
    "e439c36b-9ab2-4b29-a744-777c306935b1"
  ]
}