{
  "name": "t:sections.footer.name",
  "type": "footer",
  "sections": {
    "footer": {
      "type": "footer",
      "blocks": {
        "footer-0": {
          "type": "link_list",
          "settings": {
            "heading": "SHOP",
            "heading_font": "f-bold",
            "menu": "home-08-shop",
            "custom_separator_color": false,
            "separator_color": "rgba(0,0,0,0)",
            "padding_bottom_xs": 15,
            "padding_top_xs": 15
          }
        },
        "footer-1": {
          "type": "link_list",
          "settings": {
            "heading": "ABOUT",
            "heading_font": "f-bold",
            "menu": "home-08-about-us",
            "custom_separator_color": false,
            "separator_color": "rgba(0,0,0,0)",
            "padding_bottom_xs": 15,
            "padding_top_xs": 15
          }
        },
        "link_list_47NWzH": {
          "type": "link_list",
          "settings": {
            "heading": "CONTACT",
            "heading_font": "f-bold",
            "menu": "home-08-contact-2",
            "custom_separator_color": false,
            "separator_color": "rgba(0,0,0,0)",
            "padding_bottom_xs": 15,
            "padding_top_xs": 15
          }
        },
        "link_list_c8hBKk": {
          "type": "link_list",
          "settings": {
            "heading": "POLICY",
            "heading_font": "f-bold",
            "menu": "home-08-policy",
            "custom_separator_color": false,
            "separator_color": "rgba(0,0,0,0)",
            "padding_bottom_xs": 15,
            "padding_top_xs": 15
          }
        }
      },
      "block_order": [
        "footer-0",
        "footer-1",
        "link_list_47NWzH",
        "link_list_c8hBKk"
      ],
      "settings": {
        "type_style": "special",
        "section_width": "page-width",
        "customize_width": 1800,
        "margin_top": 0,
        "heading_typography": "font-body",
        "heading_size": "default",
        "text_typography": "font-body",
        "text_size": "default",
        "text_font_transform": "uppercase",
        "link_row_gap": 0,
        "show_line_separator": false,
        "footer_top_padding_top": 40,
        "footer_top_padding_bottom": 40,
        "footer_top_padding_top_mobile": 20,
        "footer_top_padding_bottom_mobile": 20,
        "footer_top_color_scheme": "inverse",
        "footer_bot_show_line_separator": false,
        "footer_bottom_padding_top": 0,
        "footer_bottom_padding_bottom": 0,
        "footer_bottom_padding_top_mobile": 0,
        "footer_bottom_padding_bottom_mobile": 0,
        "footer_bottom_color_scheme": "inverse",
        "bottom_text_size": "small",
        "enable_country_selector": false,
        "enable_language_selector": false,
        "payment_enable": false,
        "show_policy": false,
        "show_social": false,
        "social_media_colors_text": "#2d2d2d",
        "social_media_colors_background": "",
        "social_media_gradient_background": "",
        "text_copyright": ""
      }
    },
    "marquee_G4ad8m": {
      "type": "marquee",
      "blocks": {
        "marquee_LJ6frU": {
          "type": "marquee",
          "settings": {
            "type_marquee": "image",
            "text": "",
            "set_transparent_text": false,
            "enable_color_underline": false,
            "colors_underline": "#000000",
            "options_colors_underline": "full",
            "image_marquee": "shopify:\/\/shop_images\/Home_08_-_Marqueee.png",
            "image_height": 188,
            "link": ""
          }
        },
        "marquee_ChrJAw": {
          "type": "marquee",
          "settings": {
            "type_marquee": "image",
            "text": "",
            "set_transparent_text": false,
            "enable_color_underline": false,
            "colors_underline": "#000000",
            "options_colors_underline": "full",
            "image_marquee": "shopify:\/\/shop_images\/Home_08_-_Marqueee.png",
            "image_height": 188,
            "link": ""
          }
        }
      },
      "block_order": [
        "marquee_LJ6frU",
        "marquee_ChrJAw"
      ],
      "settings": {
        "section_width": "full-width",
        "customize_width": 1800,
        "enable_full_width": false,
        "enable_cursor_hover": false,
        "show_line_separator": false,
        "duration_speed": 80,
        "heading_font": "font-heading",
        "heading_size": "default",
        "type_separating": "none",
        "custom_between": true,
        "carousel_gap": 100,
        "color_scheme": "inverse",
        "use_custom_color": false,
        "colors_text": "#424242",
        "colors_background": "",
        "gradient_background": "linear-gradient(90deg, rgba(246, 238, 227, 1), rgba(223, 244, 247, 1) 100%)",
        "padding_top": 20,
        "padding_bottom": 20,
        "padding_top_mobile": 10,
        "padding_bottom_mobile": 10
      }
    },
    "footer_bottom_hQD94m": {
      "type": "footer-bottom",
      "settings": {
        "section_width": "page-width",
        "customize_width": 1800,
        "text_size": "small",
        "enable_country_selector": false,
        "enable_language_selector": false,
        "payment_enable": false,
        "show_policy": false,
        "show_social": true,
        "social_media_colors_text": "#fefcf6",
        "social_media_colors_background": "",
        "social_media_gradient_background": "linear-gradient(-45deg, rgba(2, 31, 60, 1), rgba(157, 243, 255, 1) 100%)",
        "text_copyright": "<p>© 2024 <a href=\"https:\/\/concept-theme.myshopify.com\/?_ab=0&_fd=0&_sc=1\" target=\"_blank\" title=\"https:\/\/concept-theme.myshopify.com\/?_ab=0&_fd=0&_sc=1\">CONCEPT<\/a>. ALL RIGHTS RESERVED<\/p>",
        "footer_bottom_color": "#ffffff",
        "footer_bottom_colors_background": "#021f3c",
        "footer_bottom_gradient_background": "",
        "footer_bottom_padding_top": 20,
        "footer_bottom_padding_bottom": 20
      }
    }
  },
  "order": [
    "footer",
    "marquee_G4ad8m",
    "footer_bottom_hQD94m"
  ]
}