{
  "name": "t:sections.header.name",
  "type": "header",
  "sections": {
    "link_list_FEKPbg": {
      "type": "link-list",
      "blocks": {
        "language_currency_3FcXzB": {
          "type": "language_currency",
          "settings": {
            "enable_country_selector": true,
            "enable_language_selector": true,
            "background": "",
            "secondary_background": ""
          }
        },
        "link_list_qn64En": {
          "type": "link_list",
          "settings": {
            "link_list": "link-list",
            "font_transform": "uppercase",
            "background": "",
            "secondary_background": ""
          }
        }
      },
      "block_order": [
        "language_currency_3FcXzB",
        "link_list_qn64En"
      ],
      "settings": {
        "section_width": "page-width",
        "type_layout": "scroll",
        "text_size": "medium",
        "enable_pagination_type": "all",
        "color_scheme": "inverse",
        "use_custom_color": false,
        "colors_text": "#424242",
        "colors_background": "",
        "gradient_background": "linear-gradient(90deg, rgba(246, 238, 227, 1), rgba(223, 244, 247, 1) 100%)",
        "padding_top": 8,
        "padding_bottom": 7
      }
    },
    "header": {
      "type": "header",
      "blocks": {
        "mega_menu_2_L3pc9p": {
          "type": "mega_menu_2",
          "settings": {
            "menu_item": "Demos",
            "section_width": "page-width",
            "customize_width": 1400,
            "image_1": "shopify:\/\/shop_images\/Menu_-_demo_1.jpg",
            "text_image_1": "Your Sample Texts",
            "link_image_1": "shopify:\/\/collections\/vogue-vault-best-seller",
            "image_2": "shopify:\/\/shop_images\/Menu_-_demo_2.jpg",
            "text_image_2": "Your Sample Texts",
            "link_image_2": "shopify:\/\/collections\/vogue-vault-classic-blazer",
            "image_3": "shopify:\/\/shop_images\/Menu_-_demo_3.jpg",
            "text_image_3": "Your Sample Texts",
            "link_image_3": "shopify:\/\/collections\/vogue-vault-collection",
            "image_4": "shopify:\/\/shop_images\/Menu_-_demo_4.jpg",
            "text_image_4": "Your Sample Texts",
            "link_image_4": "shopify:\/\/collections\/vogue-vault-new-arrival"
          }
        },
        "87f8d565-83ad-4293-9399-b59858a4c494": {
          "type": "mega_menu_1",
          "settings": {
            "menu_item": "Shops",
            "section_width": "page-width",
            "customize_width": 1400,
            "image_1": "shopify:\/\/shop_images\/Menu-_shop.jpg",
            "text_image_1": "Beyond templates, Beyond boundaries",
            "link_image_1": "shopify:\/\/collections\/skincare",
            "image_overlay_opacity": 30,
            "color_overlay_opacity": "#000000"
          }
        },
        "mega_menu_1_JBzhcM": {
          "type": "mega_menu_1",
          "settings": {
            "menu_item": "Products",
            "section_width": "page-width",
            "customize_width": 1400,
            "image_1": "shopify:\/\/shop_images\/Menu-_product.jpg",
            "text_image_1": "Unleash the extraordinary with CONCEPT",
            "link_image_1": "",
            "image_overlay_opacity": 30,
            "color_overlay_opacity": "#000000"
          }
        }
      },
      "block_order": [
        "mega_menu_2_L3pc9p",
        "87f8d565-83ad-4293-9399-b59858a4c494",
        "mega_menu_1_JBzhcM"
      ],
      "settings": {
        "section_width": "page-width",
        "customize_width": 1800,
        "type_style": "classic",
        "show_line_separator": true,
        "type_sticky_header": "scroll-up",
        "color_scheme": "",
        "text_size": "medium",
        "font_transform": "uppercase",
        "enable_transparent": false,
        "logo_transparent": "shopify:\/\/shop_images\/Home_08_-_Logo.png",
        "color_opacity_1": 100,
        "text_transparent": "#000000",
        "color_opacity_2": 50,
        "logo": "shopify:\/\/shop_images\/Home_08_-_Logo.png",
        "logo_width": 200,
        "logo_position": "middle-center",
        "logo_alignment_desktop": "center",
        "menu": "main-menu-home-8",
        "menu_alignment_desktop": "left",
        "spacing_gap": 4,
        "menu_transform": "capitalize",
        "link_type": "line",
        "use_custom_button": false,
        "use_button_label": "Button label",
        "use_button_link": "",
        "icon_type_style": "classy",
        "enable_search": true,
        "enable_account": true,
        "enable_cart": true,
        "enable_wishlist": true,
        "enable_country_selector": false,
        "enable_language_selector": false,
        "function_alignment_desktop": "end",
        "enable_search_mobile": true,
        "enable_account_mobile": false,
        "enable_cart_mobile": true,
        "enable_wishlist_mobile": false,
        "enable_country_selector_mobile": true,
        "enable_language_selector_mobile": true,
        "mobile_logo_position": "center",
        "padding_top": 32,
        "padding_bottom": 32
      }
    }
  },
  "order": [
    "link_list_FEKPbg",
    "header"
  ]
}