{
  "sections": {
    "12b81e44-2b28-427b-9080-19dfb79fd112": {
      "type": "slideshow",
      "blocks": {
        "0cd5f5a1-63fb-4a84-b449-1ac48157843b": {
          "type": "slide",
          "settings": {
            "image": "shopify:\/\/shop_images\/Home_08_-_Slideshow_-_1.jpg",
            "mobile_image": "shopify:\/\/shop_images\/Home_08_-_Slideshow_-1_mobile.jpg",
            "content_max_width": 580,
            "heading_font": "font-heading",
            "heading": "ENHANCING VERSATILITY AND STYLE BLAZERS.",
            "heading_size": "xx-large",
            "heading_margin_bottom": 60,
            "subheading": "ELEVATING WOMEN'S WARDROBES BY SEAMLESSLY TRANSITION FROM CASUAL TO FORMAL COLLECTION.",
            "subheading_size": "medium",
            "subheading_margin_bottom": 40,
            "box_align": "bottom-left",
            "text_alignment": "left",
            "image_overlay_opacity": 30,
            "color_overlay_opacity": "#121212",
            "primary_button_label": "DISCOVER",
            "primary_button_link": "shopify:\/\/collections\/vogue-vault-collection",
            "secondary_button_label": "",
            "secondary_button_link": "",
            "button_transparent": "default",
            "button_spacing_between": 10,
            "buttons_direction": "horizontal",
            "padding_top_bottom": 100,
            "padding_left_right": 95
          }
        },
        "template--16793024757999__12b81e44-2b28-427b-9080-19dfb79fd112-1676275303a720accc-0": {
          "type": "slide",
          "settings": {
            "image": "shopify:\/\/shop_images\/Home_08_-_Slideshow_-_2.jpg",
            "content_max_width": 640,
            "heading_font": "font-heading",
            "heading": "TRANSFORM YOUR OUTFITS WITH VERSATILE BLAZERS",
            "heading_size": "xx-large",
            "heading_margin_bottom": 60,
            "subheading": "THE IDEA OF USING BLAZERS AS A KEY FASHION ITEM TO COMPLETELY ENHANCE YOUR OVERALL LOOK",
            "subheading_size": "medium",
            "subheading_margin_bottom": 40,
            "box_align": "bottom-left",
            "text_alignment": "left",
            "image_overlay_opacity": 30,
            "color_overlay_opacity": "#121212",
            "primary_button_label": "DISCOVER",
            "primary_button_link": "shopify:\/\/collections\/vogue-vault-new-arrival",
            "secondary_button_label": "",
            "secondary_button_link": "",
            "button_transparent": "default",
            "button_spacing_between": 10,
            "buttons_direction": "horizontal",
            "padding_top_bottom": 100,
            "padding_left_right": 95
          }
        },
        "97c34bca-dfa8-4dc9-866d-dad1652f3c8d": {
          "type": "slide",
          "settings": {
            "image": "shopify:\/\/shop_images\/Home_08_-_Slideshow_-_3.jpg",
            "content_max_width": 580,
            "heading_font": "font-heading",
            "heading": "STYLISH BLAZERS FOR EFFORTLESS VERSATILITY",
            "heading_size": "xx-large",
            "heading_margin_bottom": 60,
            "subheading": "THE COMBINATION OF FASHION-FORWARD DESIGNS WITH PRACTICAL ADAPTABILITY IN BLAZERS.",
            "subheading_size": "medium",
            "subheading_margin_bottom": 40,
            "box_align": "bottom-left",
            "text_alignment": "left",
            "image_overlay_opacity": 30,
            "color_overlay_opacity": "#121212",
            "primary_button_label": "DISCOVER",
            "primary_button_link": "shopify:\/\/collections\/vogue-vault-ocassion-blazer",
            "secondary_button_label": "",
            "secondary_button_link": "",
            "button_transparent": "default",
            "button_spacing_between": 10,
            "buttons_direction": "horizontal",
            "padding_top_bottom": 100,
            "padding_left_right": 95
          }
        }
      },
      "block_order": [
        "0cd5f5a1-63fb-4a84-b449-1ac48157843b",
        "template--16793024757999__12b81e44-2b28-427b-9080-19dfb79fd112-1676275303a720accc-0",
        "97c34bca-dfa8-4dc9-866d-dad1652f3c8d"
      ],
      "settings": {
        "section_width": "customized-width",
        "customize_width": 1800,
        "image_ratio": "full-screen",
        "image_ratio_mobile": "650px",
        "color_scheme": "inverse",
        "arrows_type": "lg",
        "arrows_position": "middle-center",
        "carousel_infinite_scroll": true,
        "enable_autoplay": false,
        "color_autoplay": "#ffffff",
        "change_slides_speed": 7,
        "enable_pagination_type": "all",
        "pagination_type": "dashed",
        "image_behavior": "parallax-scroll",
        "accessibility_info": "Slideshow about our brand"
      }
    },
    "rich_text_DRNNKQ": {
      "type": "rich-text",
      "blocks": {
        "heading_L3yxfD": {
          "type": "heading",
          "settings": {
            "heading": "CONCEPT ELEGENCE",
            "heading_size": "customize-size",
            "customize_size": 340,
            "padding_top": 0,
            "padding_bottom": 50
          }
        },
        "text_aVC8kt": {
          "type": "text",
          "settings": {
            "text": "<p>THIS METICULOUSLY CRAFTED PIECE <\/p><p>SEAMLESSLY BLENDS TIMELESS DESIGN WITH <\/p><p>CONTEMPORARY FLAIR ! <\/p>",
            "use_custom_text": true,
            "custom_text_size": "large",
            "show_line_separator": false,
            "padding_top": 10,
            "padding_bottom": 50
          }
        },
        "button_bmKfxQ": {
          "type": "button",
          "settings": {
            "primary_button_label": "EXPLORE NOW",
            "primary_button_link": "shopify:\/\/collections\/vogue-vault-new-arrival",
            "primary_button_type": "circle",
            "circle_diameter": 200,
            "secondary_button_label": "",
            "secondary_button_link": "",
            "secondary_button_type": "default",
            "secondary_circle_diameter": 200,
            "padding_top": 50,
            "padding_bottom": 50
          }
        },
        "text_RdPjKJ": {
          "type": "text",
          "settings": {
            "text": "<p>MIX AND MATCH OUTFIT WITH BLAZERS<\/p>",
            "use_custom_text": true,
            "custom_text_size": "large",
            "show_line_separator": false,
            "padding_top": 50,
            "padding_bottom": 0
          }
        }
      },
      "block_order": [
        "heading_L3yxfD",
        "text_aVC8kt",
        "button_bmKfxQ",
        "text_RdPjKJ"
      ],
      "settings": {
        "section_width": "page-width",
        "customize_width": 1800,
        "show_line_separator": false,
        "text_alignment": "center",
        "color_scheme": "accent-2",
        "padding_top": 100,
        "padding_bottom": 60,
        "padding_top_mobile": 50,
        "padding_bottom_mobile": 30
      }
    },
    "video_NQPfiX": {
      "type": "video",
      "settings": {
        "cover_image": "shopify:\/\/shop_images\/Home_08_-_Video_Image.jpg",
        "cover_mobile_image": "shopify:\/\/shop_images\/Home_08_-_Video_Image_mobile.jpg",
        "use_custom_colors_background": true,
        "custom_colors_background": "#021f3c",
        "video_url": "https:\/\/www.youtube.com\/watch?v=_9VUPq3SxOc",
        "description": "",
        "enable_autoplay": false,
        "enable_video_looping": true,
        "video_play_type": "text",
        "desktop_content_position": "middle-center",
        "desktop_content_alignment": "center",
        "mobile_content_alignment": "center",
        "mobile_color_scheme": "default",
        "colors_text": "#424242",
        "colors_background": "",
        "gradient_background": "linear-gradient(90deg, rgba(246, 238, 227, 1), rgba(223, 244, 247, 1) 100%)",
        "color_scheme": "scheme-39aa688f-679b-4320-b42f-12cc19c1e08d",
        "image_overlay_opacity": 30,
        "color_overlay_opacity": "#021f3c",
        "below_text": "",
        "colors_below_text": "#000000",
        "below_link_text": "",
        "below_link": "",
        "text_animation": "none",
        "padding_top": 0,
        "padding_bottom": 100,
        "padding_top_mobile": 0,
        "padding_bottom_mobile": 50
      }
    },
    "marquee_wAeVgx": {
      "type": "marquee",
      "blocks": {
        "marquee_tTpMWR": {
          "type": "marquee",
          "settings": {
            "type_marquee": "text",
            "text": "<p>COMFORTABLE MATERIALS<\/p>",
            "set_transparent_text": false,
            "enable_color_underline": false,
            "colors_underline": "#000000",
            "options_colors_underline": "full",
            "image_height": 152,
            "link": ""
          }
        },
        "marquee_dxndpn": {
          "type": "marquee",
          "settings": {
            "type_marquee": "text",
            "text": "<p>THOUGHTFUL DETAILS<\/p>",
            "set_transparent_text": false,
            "enable_color_underline": false,
            "colors_underline": "#000000",
            "options_colors_underline": "full",
            "image_height": 152,
            "link": ""
          }
        },
        "marquee_NPCmfR": {
          "type": "marquee",
          "settings": {
            "type_marquee": "text",
            "text": "<p>WARDROBE ESSENTIAL<\/p>",
            "set_transparent_text": false,
            "enable_color_underline": false,
            "colors_underline": "#000000",
            "options_colors_underline": "full",
            "image_height": 152,
            "link": ""
          }
        }
      },
      "block_order": [
        "marquee_tTpMWR",
        "marquee_dxndpn",
        "marquee_NPCmfR"
      ],
      "settings": {
        "section_width": "full-width",
        "customize_width": 1800,
        "enable_full_width": false,
        "enable_cursor_hover": true,
        "show_line_separator": true,
        "duration_speed": 30,
        "heading_font": "font-heading",
        "heading_size": "x-large",
        "type_separating": "none",
        "custom_between": true,
        "carousel_gap": 50,
        "color_scheme": "",
        "use_custom_color": true,
        "colors_text": "#000000",
        "colors_background": "rgba(0,0,0,0)",
        "gradient_background": "",
        "padding_top": 39,
        "padding_bottom": 39,
        "padding_top_mobile": 14,
        "padding_bottom_mobile": 14
      }
    },
    "image_with_text_ThtQ3t": {
      "type": "image-with-text",
      "blocks": {
        "subheading_UUMbXk": {
          "type": "subheading",
          "settings": {
            "subheading": "GENTLE AND LUXURIOUS BLAZERS",
            "subheading_font_typography": "font-heading",
            "subheading_size": "xx-large",
            "subheading_font": "f-w-600",
            "padding_top": 0,
            "padding_bottom": 34
          }
        },
        "text_WDwMfm": {
          "type": "text",
          "settings": {
            "text": "<p>IMMERSE YOURSELF IN THE OPULENCE OF PREMIUM MATERIALS, INTRICATE DETAILING CRAFTED TO ELEVATE YOUR STYLE<\/p>",
            "padding_top": 50,
            "padding_bottom": 50
          }
        },
        "link_LQDEB4": {
          "type": "link",
          "settings": {
            "show_link": true,
            "show_view_all": "button",
            "link_label": "EXPLORE COLLECTION",
            "link": "shopify:\/\/collections\/vogue-vault-collection",
            "button_transparent": "default",
            "show_link_secondary": false,
            "show_view_all_secondary": "button",
            "link_label_secondary": "",
            "link_secondary": "",
            "button_transparent_secondary": "transparent",
            "color_scheme_link_secondary": "scheme-b9cdb670-a06c-4e77-845f-6e6d7526e8c2",
            "padding_top": 10,
            "padding_bottom": 0
          }
        }
      },
      "block_order": [
        "subheading_UUMbXk",
        "text_WDwMfm",
        "link_LQDEB4"
      ],
      "settings": {
        "type_style": "default",
        "section_width": "full-width",
        "customize_width": 1600,
        "show_top_line_separator": false,
        "show_bot_line_separator": false,
        "color_scheme": "background-1",
        "image": "shopify:\/\/shop_images\/Home_08_-_Image_with_text_-_2.jpg",
        "image_2": "shopify:\/\/shop_images\/Home_08_-_Image_with_text_-_3.jpg",
        "image_3": "shopify:\/\/shop_images\/Home_08_-_Image_with_text_-_4.jpg",
        "heading": "",
        "heading_size": "default",
        "link_label": "",
        "link": "shopify:\/\/products\/116-wide-symmetrical-modular-sofa-chaise",
        "colors_heading": "#ffffff",
        "background_for_image": true,
        "image_colors_background": "#021f3c",
        "image_gradient_background": "",
        "arrows_type": "md",
        "carousel_infinite_scroll": true,
        "enable_pagination_type": "all",
        "pagination_type": "dashed",
        "background_for_box": true,
        "colors_text": "#424242",
        "colors_background": "#f8f8f8",
        "gradient_background": "",
        "layout": "text_first",
        "desktop_content_position": "middle",
        "desktop_content_alignment": "center",
        "layout_mobile": "text_first_mobile",
        "mobile_content_alignment": "center",
        "image_animation": "zoom-out",
        "text_animation": "fade-up",
        "padding_top": 100,
        "padding_bottom": 100,
        "padding_top_mobile": 50,
        "padding_bottom_mobile": 50
      }
    },
    "featured_collection_tn7kfX": {
      "type": "featured-collection",
      "blocks": {
        "heading_jt38Dn": {
          "type": "heading",
          "settings": {
            "heading": "BEST SELLER",
            "heading_size": "xx-large",
            "label_view_all": "",
            "show_view_all": "none",
            "text_view_all": "",
            "text_view_all_size": "medium",
            "text_alignment": "center",
            "padding_top": 0,
            "padding_bottom": 60
          }
        }
      },
      "block_order": [
        "heading_jt38Dn"
      ],
      "settings": {
        "section_width": "customized-width",
        "customize_width": 1600,
        "show_line_separator_top": false,
        "show_line_separator_bottom": false,
        "collection": "vogue-vault-best-seller",
        "product_list": [

        ],
        "products_to_show": 5,
        "carousel_number": 2.5,
        "carousel_number_tablet": 2.1,
        "carousel_number_mobile": "2",
        "spacing_desktop": 40,
        "spacing_tablet": 20,
        "spacing_mobile": 10,
        "arrows_type": "lg",
        "carousel_infinite_scroll": false,
        "enable_pagination_type": "sm",
        "pagination_type": "progressbar",
        "color_scheme": "background-1",
        "use_background_gradient": false,
        "colors_background_special": "",
        "gradient_background_special": "linear-gradient(215deg, rgba(248, 208, 218, 0.45) 34.38%, rgba(195, 236, 252, 0.45) 73.44%)",
        "text_animation": "none",
        "padding_top": 0,
        "padding_bottom": 90,
        "padding_top_mobile": 0,
        "padding_bottom_mobile": 40
      }
    },
    "collection_with_product_3LdcPQ": {
      "type": "collection-with-product",
      "blocks": {
        "slide_EKXMdP": {
          "type": "slide",
          "settings": {
            "collection": "vogue-vault-workwear-blazer",
            "image": "shopify:\/\/shop_images\/Home_08_-_Collection_with_product_Image_1.jpg",
            "heading": "WORKWEAR BLAZER",
            "button_transparent": "following",
            "button_label": "SHOP THE COLLECTION",
            "button_link": "shopify:\/\/collections\/vogue-vault-workwear-blazer",
            "text_alignment": "right",
            "image_overlay_opacity": 30,
            "color_overlay_opacity": "#000000"
          }
        },
        "slide_rTUGmp": {
          "type": "slide",
          "settings": {
            "collection": "vogue-vault-classic-blazer",
            "image": "shopify:\/\/shop_images\/Home_08_-_Collection_with_product_Image_2.jpg",
            "heading": "CLASSIC BLAZER",
            "button_transparent": "following",
            "button_label": "SHOP THE COLLECTION",
            "button_link": "shopify:\/\/collections\/vogue-vault-classic-blazer",
            "text_alignment": "right",
            "image_overlay_opacity": 30,
            "color_overlay_opacity": "#000000"
          }
        },
        "slide_bQegbV": {
          "type": "slide",
          "settings": {
            "collection": "vogue-vault-ocassion-blazer",
            "image": "shopify:\/\/shop_images\/Home_08_-_Collection_with_product_Image_3.jpg",
            "heading": "OCASSION BLAZER",
            "button_transparent": "following",
            "button_label": "SHOP THE COLLECTION",
            "button_link": "shopify:\/\/collections\/vogue-vault-ocassion-blazer",
            "text_alignment": "right",
            "image_overlay_opacity": 30,
            "color_overlay_opacity": "#000000"
          }
        }
      },
      "block_order": [
        "slide_EKXMdP",
        "slide_rTUGmp",
        "slide_bQegbV"
      ],
      "settings": {
        "section_width": "full-width",
        "customize_width": 1800,
        "heading_header": "COLLECTION",
        "heading_size_header": "xxx-large",
        "margin_bottom_header": 60,
        "color_scheme_heading": "accent-1",
        "heading_font": "font-heading",
        "heading_size": "x-large",
        "slide_height": 70,
        "layout_type": "grid",
        "products_to_show": "2",
        "products_type": "lg",
        "color_scheme_product": "accent-1",
        "color_scheme": "accent-1",
        "change_slides_speed": 5,
        "change_slides_duration": 1,
        "arrows_type": "all",
        "carousel_infinite_scroll": true,
        "padding_top": 0,
        "padding_bottom": 0,
        "padding_top_mobile": 0,
        "padding_bottom_mobile": 0
      }
    },
    "image_with_text_QpCrYf": {
      "type": "image-with-text",
      "blocks": {
        "subheading_Tzaw9e": {
          "type": "subheading",
          "settings": {
            "subheading": "BESPOKE BLAZERS SERVICE",
            "subheading_font_typography": "font-heading",
            "subheading_size": "xx-large",
            "subheading_font": "f-w-600",
            "padding_top": 0,
            "padding_bottom": 34
          }
        },
        "text_VMGLxw": {
          "type": "text",
          "settings": {
            "text": "<p>ELEVATE YOUR STYLE WITH  EXCLUSIVE BESPOKE BLAZERS SERVICE, TAILORED TO MEET THE UNIQUE PREFERENCES.<\/p>",
            "padding_top": 50,
            "padding_bottom": 50
          }
        },
        "link_dqgwfL": {
          "type": "link",
          "settings": {
            "show_link": true,
            "show_view_all": "button",
            "link_label": "BESPOKE SERVICE",
            "link": "shopify:\/\/collections\/vogue-vault-new-arrival",
            "button_transparent": "default",
            "show_link_secondary": true,
            "show_view_all_secondary": "button",
            "link_label_secondary": "MAKE AN APPOINTMENT",
            "link_secondary": "shopify:\/\/collections\/vogue-vault-best-seller",
            "button_transparent_secondary": "transparent",
            "color_scheme_link_secondary": "scheme-b9cdb670-a06c-4e77-845f-6e6d7526e8c2",
            "padding_top": 10,
            "padding_bottom": 0
          }
        }
      },
      "block_order": [
        "subheading_Tzaw9e",
        "text_VMGLxw",
        "link_dqgwfL"
      ],
      "settings": {
        "type_style": "default",
        "section_width": "customized-width",
        "customize_width": 1600,
        "show_top_line_separator": false,
        "show_bot_line_separator": true,
        "color_scheme": "",
        "image": "shopify:\/\/shop_images\/Home_08_-_Image_with_text_-_1.jpg",
        "heading": "",
        "heading_size": "default",
        "link_label": "",
        "link": "",
        "colors_heading": "#ffffff",
        "background_for_image": false,
        "image_colors_background": "#021f3c",
        "image_gradient_background": "",
        "arrows_type": "all",
        "carousel_infinite_scroll": true,
        "enable_pagination_type": "all",
        "pagination_type": "dashed",
        "background_for_box": false,
        "colors_text": "#424242",
        "colors_background": "",
        "gradient_background": "linear-gradient(90deg, rgba(246, 238, 227, 1), rgba(223, 244, 247, 1) 100%)",
        "layout": "text_first",
        "desktop_content_position": "middle",
        "desktop_content_alignment": "center",
        "layout_mobile": "text_first_mobile",
        "mobile_content_alignment": "center",
        "image_animation": "zoom-out",
        "text_animation": "fade-up",
        "padding_top": 100,
        "padding_bottom": 100,
        "padding_top_mobile": 50,
        "padding_bottom_mobile": 50
      }
    },
    "featured_blog_TFKjcd": {
      "type": "featured-blog",
      "blocks": {
        "date_cEPQTd": {
          "type": "date",
          "settings": {
            "text_size": "medium",
            "padding_top": 10,
            "padding_bottom": 0
          }
        },
        "heading_nyVXnf": {
          "type": "heading",
          "settings": {
            "heading_size": "default",
            "padding_top": 16,
            "padding_bottom": 0
          }
        }
      },
      "block_order": [
        "date_cEPQTd",
        "heading_nyVXnf"
      ],
      "settings": {
        "header_width": "customized-width",
        "content_width": "customized-width",
        "customize_width": 1600,
        "padding_container_full_w": 0,
        "show_line_separator": true,
        "icon": "none",
        "heading": "RECENT POSTS",
        "heading_size": "xx-large",
        "show_view_all": "link",
        "button_label": "VIEW ALL",
        "heading_alignment": "left",
        "heading_margin_bottom": 60,
        "blog": "home-08-recent-posts-2",
        "post_limit": 2,
        "spacing_desktop": 40,
        "spacing_tablet": 40,
        "spacing_mobile": 10,
        "style_layout": "enable_carousel",
        "show_image": true,
        "image_ratio": "adapt",
        "text_per_line": "2",
        "text_alignment": "left",
        "grid_number": 2,
        "grid_number_tablet": 2,
        "grid_number_mobile": 1,
        "carousel_number": 2,
        "carousel_number_tablet": 1.1,
        "t:sections.featured-blog.settings.heading_3": "1",
        "arrows_type": "lg",
        "enable_pagination_type": "sm",
        "pagination_type": "progressbar",
        "color_scheme": "",
        "image_animation": "none",
        "heading_animation": "none",
        "text_animation": "none",
        "padding_top": 99,
        "padding_bottom": 85,
        "padding_top_mobile": 49,
        "padding_bottom_mobile": 35
      }
    },
    "icon_with_text_rLhiP6": {
      "type": "icon-with-text",
      "blocks": {
        "item_raiX44": {
          "type": "item",
          "settings": {
            "icon": "truck-2",
            "enable_custom_size_icon": true,
            "custom_size_icon": 60,
            "custom_icon_background": "",
            "heading": "FREE SHIPPING",
            "use_custom_heading": true,
            "custom_heading_size": "default",
            "text": "<p>For orders over $75<\/p>",
            "link_label": "",
            "link": ""
          }
        },
        "item_pbKQmp": {
          "type": "item",
          "settings": {
            "icon": "return-3",
            "enable_custom_size_icon": true,
            "custom_size_icon": 60,
            "custom_icon_background": "",
            "heading": "FREE EXCHANGES",
            "use_custom_heading": true,
            "custom_heading_size": "default",
            "text": "<p>30 days guanrantee on all items<\/p>",
            "link_label": "",
            "link": ""
          }
        },
        "item_tbe8Rr": {
          "type": "item",
          "settings": {
            "icon": "shield",
            "enable_custom_size_icon": true,
            "custom_size_icon": 60,
            "custom_icon_background": "",
            "heading": "SAFE PAYMENTS",
            "use_custom_heading": true,
            "custom_heading_size": "default",
            "text": "<p>Trusted SSL Protection<\/p>",
            "link_label": "",
            "link": ""
          }
        }
      },
      "block_order": [
        "item_raiX44",
        "item_pbKQmp",
        "item_tbe8Rr"
      ],
      "settings": {
        "type_style": "classic",
        "section_width": "customized-width",
        "customize_width": 1800,
        "heading": "",
        "heading_size": "default",
        "text": "",
        "text_margin_top": 16,
        "text_alignment": "center",
        "margin_bottom": 60,
        "blocks_heading_font": "font-heading",
        "blocks_heading_size": "xxx-large",
        "blocks_text_size": "medium",
        "color_scheme": "",
        "use_custom_color": true,
        "colors_text": "#000000",
        "colors_background": "",
        "gradient_background": "",
        "layout": "vertical",
        "enable_background_icon": false,
        "type_vertical": "grid",
        "arrows_type": "all",
        "text_animation": "fade-up",
        "padding_top": 100,
        "padding_bottom": 90,
        "padding_top_mobile": 50,
        "padding_bottom_mobile": 40
      }
    }
  },
  "order": [
    "12b81e44-2b28-427b-9080-19dfb79fd112",
    "rich_text_DRNNKQ",
    "video_NQPfiX",
    "marquee_wAeVgx",
    "image_with_text_ThtQ3t",
    "featured_collection_tn7kfX",
    "collection_with_product_3LdcPQ",
    "image_with_text_QpCrYf",
    "featured_blog_TFKjcd",
    "icon_with_text_rLhiP6"
  ]
}