{
  "name": "t:sections.footer.name",
  "type": "footer",
  "sections": {
    "c031be70-de32-4605-9046-9c5fc6522842": {
      "type": "icon-with-text",
      "blocks": {
        "sections--17032658878703__c031be70-de32-4605-9046-9c5fc6522842-item-1": {
          "type": "item",
          "settings": {
            "icon": "truck-2",
            "enable_custom_size_icon": false,
            "custom_size_icon": 30,
            "custom_icon_background": "",
            "heading": "Free Ground Shipping",
            "text": "<p>For orders over $75<\/p>",
            "link_label": "",
            "link": ""
          }
        },
        "sections--17032658878703__c031be70-de32-4605-9046-9c5fc6522842-item-2": {
          "type": "item",
          "settings": {
            "icon": "return-3",
            "enable_custom_size_icon": false,
            "custom_size_icon": 30,
            "custom_icon_background": "",
            "heading": "Free Exchanges",
            "text": "<p>30 days guanrantee on all items<\/p>",
            "link_label": "",
            "link": ""
          }
        },
        "sections--17032658878703__c031be70-de32-4605-9046-9c5fc6522842-item-3": {
          "type": "item",
          "settings": {
            "icon": "shield",
            "enable_custom_size_icon": false,
            "custom_size_icon": 30,
            "custom_icon_background": "",
            "heading": "Safe Payments",
            "text": "<p>Trusted SSL Protection<\/p>",
            "link_label": "",
            "link": ""
          }
        }
      },
      "block_order": [
        "sections--17032658878703__c031be70-de32-4605-9046-9c5fc6522842-item-1",
        "sections--17032658878703__c031be70-de32-4605-9046-9c5fc6522842-item-2",
        "sections--17032658878703__c031be70-de32-4605-9046-9c5fc6522842-item-3"
      ],
      "settings": {
        "type_style": "classic",
        "section_width": "full-width",
        "customize_width": 1200,
        "heading": "",
        "heading_size": "default",
        "text": "",
        "text_margin_top": 16,
        "text_alignment": "center",
        "margin_bottom": 60,
        "blocks_heading_font": "font-body",
        "blocks_heading_size": "large",
        "blocks_text_size": "default",
        "color_scheme": "",
        "use_custom_color": true,
        "colors_text": "#ffffff",
        "colors_background": "#174035",
        "gradient_background": "",
        "layout": "horizontal",
        "enable_background_icon": true,
        "type_vertical": "grid",
        "arrows_type": "all",
        "text_animation": "none",
        "padding_top": 0,
        "padding_bottom": 0,
        "padding_top_mobile": 20,
        "padding_bottom_mobile": 20
      }
    },
    "footer": {
      "type": "footer",
      "blocks": {
        "footer-0": {
          "type": "link_list",
          "settings": {
            "heading": "SHOP FUNCTION",
            "heading_font": "f-bold",
            "menu": "all",
            "custom_separator_color": false,
            "separator_color": "rgba(0,0,0,0)",
            "padding_bottom_xs": 15,
            "padding_top_xs": 15
          }
        },
        "83c6e6c8-36a7-4847-a16d-4929d23ff076": {
          "type": "link_list",
          "settings": {
            "heading": "SHOP SPACE",
            "heading_font": "f-bold",
            "menu": "footer",
            "custom_separator_color": false,
            "separator_color": "rgba(0,0,0,0)",
            "padding_bottom_xs": 15,
            "padding_top_xs": 15
          }
        },
        "footer-1": {
          "type": "link_list",
          "settings": {
            "heading": "ABOUT",
            "heading_font": "f-bold",
            "menu": "further-info",
            "custom_separator_color": false,
            "separator_color": "rgba(0,0,0,0)",
            "padding_bottom_xs": 15,
            "padding_top_xs": 15
          }
        },
        "17114992-59f7-4a83-bf27-1f00c171e823": {
          "type": "newsletter",
          "settings": {
            "block_width": "default",
            "type_style_newsletter": "special",
            "image_width": 100,
            "heading": "",
            "heading_font": "font-heading",
            "heading_typography": "font-heading",
            "heading_size": "h3",
            "heading_size_step": 0,
            "subtext": "",
            "text_size": "medium",
            "text_margin_top": 0,
            "text_margin_bottom": 16,
            "text_alignment": "left",
            "button_label": "",
            "hide_arrow": false,
            "caption": "<p>Get instant news, updates, promotions. You can also send us your ideas<\/p>",
            "caption_size": "medium",
            "check_text": "",
            "show_social": true,
            "social_media_colors_text": "#ffffff",
            "social_media_colors_background": "rgba(0,0,0,0)",
            "social_media_gradient_background": "linear-gradient(127deg, rgba(135, 135, 135, 1) 11%, rgba(23, 64, 53, 1) 81%)",
            "margin_top": 0,
            "margin_bottom": 0
          }
        }
      },
      "block_order": [
        "footer-0",
        "83c6e6c8-36a7-4847-a16d-4929d23ff076",
        "footer-1",
        "17114992-59f7-4a83-bf27-1f00c171e823"
      ],
      "settings": {
        "type_style": "classy",
        "section_width": "page-width",
        "customize_width": 1800,
        "margin_top": 0,
        "heading_size": "h3",
        "heading_typography": "font-body",
        "text_size": "small",
        "text_typography": "font-body",
        "link_row_gap": 16,
        "show_line_separator": true,
        "footer_top_padding_top": 60,
        "footer_top_padding_bottom": 76,
        "footer_top_padding_top_mobile": 18,
        "footer_top_padding_bottom_mobile": 40,
        "footer_top_color_scheme": "accent-1",
        "footer_bot_show_line_separator": false,
        "footer_bottom_padding_top": 26,
        "footer_bottom_padding_bottom": 26,
        "footer_bottom_padding_top_mobile": 0,
        "footer_bottom_padding_bottom_mobile": 0,
        "footer_bottom_color_scheme": "accent-1",
        "bottom_text_size": "small",
        "enable_country_selector": false,
        "enable_language_selector": false,
        "payment_enable": true,
        "show_copyright_and_powered": true,
        "show_policy": false,
        "show_social": false,
        "social_media_colors_text": "#2d2d2d",
        "social_media_colors_background": "",
        "social_media_gradient_background": ""
      }
    }
  },
  "order": [
    "c031be70-de32-4605-9046-9c5fc6522842",
    "footer"
  ]
}