{
  "name": "t:sections.header.name",
  "type": "header",
  "sections": {
    "f01bdda2-1287-4e1e-b6cb-405f2757e575": {
      "type": "countdown-showcase-hero",
      "blocks": {
        "sections--17000571076847__f01bdda2-1287-4e1e-b6cb-405f2757e575-heading-1": {
          "type": "heading",
          "settings": {
            "heading": "Shopping New Arrivals",
            "heading_size": "default",
            "padding_top": 0,
            "padding_bottom": 27
          }
        },
        "sections--17000571076847__f01bdda2-1287-4e1e-b6cb-405f2757e575-countdown-1": {
          "type": "countdown",
          "settings": {
            "time": "02\/07\/2024",
            "colors_text": "#ffffff",
            "colors_background": "rgba(0,0,0,0)",
            "gradient_background": "",
            "padding_top": 0,
            "padding_bottom": 0
          }
        },
        "sections--17000571076847__f01bdda2-1287-4e1e-b6cb-405f2757e575-buttons-1": {
          "type": "buttons",
          "settings": {
            "button_transparent": "transparent",
            "primary_button_label": "SHOP PRODUCTS",
            "primary_button_link": "shopify:\/\/collections\/accessories",
            "padding_top": 29,
            "padding_bottom": 0
          }
        },
        "e5dc40d2-e0c1-43eb-a0f9-877a684a5ac1": {
          "type": "logo",
          "settings": {
            "logo_image": "shopify:\/\/shop_images\/logo-home6.png",
            "logo_width": 1600
          }
        }
      },
      "block_order": [
        "sections--17000571076847__f01bdda2-1287-4e1e-b6cb-405f2757e575-heading-1",
        "sections--17000571076847__f01bdda2-1287-4e1e-b6cb-405f2757e575-countdown-1",
        "sections--17000571076847__f01bdda2-1287-4e1e-b6cb-405f2757e575-buttons-1",
        "e5dc40d2-e0c1-43eb-a0f9-877a684a5ac1"
      ],
      "settings": {
        "section_width": "page-width",
        "customize_width": 1800,
        "image": "shopify:\/\/shop_images\/Hero_Banner_40646e41-c797-4e56-96da-7ce4480e9b83.png",
        "color_scheme": "background-2",
        "accessibility_info": "Slideshow about our brand"
      }
    },
    "header": {
      "type": "header",
      "blocks": {
        "87f8d565-83ad-4293-9399-b59858a4c494": {
          "type": "mega_menu_1",
          "settings": {
            "menu_item": "Shops",
            "section_width": "customized-width",
            "customize_width": 1400,
            "image_1": "shopify:\/\/shop_images\/mega-menu-fur-6.jpg",
            "text_image_1": "",
            "link_image_1": "shopify:\/\/collections\/all",
            "image_overlay_opacity": 30,
            "color_overlay_opacity": "#000000"
          }
        },
        "mega_menu_2_BCEVcm": {
          "type": "mega_menu_2",
          "settings": {
            "menu_item": "Theme demo",
            "section_width": "customized-width",
            "customize_width": 1400,
            "image_1": "shopify:\/\/shop_images\/mega-menu-furniture-3_17cde0d0-b0bd-4573-903b-703d07083fcb.jpg",
            "text_image_1": "Your Sample Text",
            "link_image_1": "",
            "image_2": "shopify:\/\/shop_images\/mega-menu-furniture-2_67fd1aa2-a8a4-4856-a7d9-fb3535cb2199.jpg",
            "text_image_2": "Your Sample Text",
            "link_image_2": "",
            "image_3": "shopify:\/\/shop_images\/mega-menu-furniture-4_b8ff875c-9b0c-471c-8087-c3bdf83d2ff3.jpg",
            "text_image_3": "Your Sample Text",
            "link_image_3": "",
            "image_4": "shopify:\/\/shop_images\/mega-menu-furniture-1_f0b87f32-34a6-4404-a719-90e405b7fcdb.jpg",
            "text_image_4": "Your Sample Text",
            "link_image_4": ""
          }
        },
        "mega_menu_1_JPVYmE": {
          "type": "mega_menu_1",
          "settings": {
            "menu_item": "Products",
            "section_width": "customized-width",
            "customize_width": 1400,
            "image_1": "shopify:\/\/shop_images\/mega-menu-fur-5.jpg",
            "text_image_1": "Unleash the extraordinary",
            "link_image_1": "",
            "image_overlay_opacity": 30,
            "color_overlay_opacity": "#000000"
          }
        }
      },
      "block_order": [
        "87f8d565-83ad-4293-9399-b59858a4c494",
        "mega_menu_2_BCEVcm",
        "mega_menu_1_JPVYmE"
      ],
      "settings": {
        "section_width": "page-width",
        "customize_width": 1800,
        "type_style": "classic",
        "show_line_separator": false,
        "type_sticky_header": "always",
        "color_scheme": "",
        "text_size": "small",
        "font_transform": "uppercase",
        "enable_transparent": false,
        "color_opacity_1": 100,
        "text_transparent": "#000000",
        "color_opacity_2": 70,
        "logo": "shopify:\/\/shop_images\/logo-home6-header.png",
        "logo_width": 160,
        "logo_position": "middle-center",
        "logo_alignment_desktop": "start",
        "menu": "main-menu",
        "menu_alignment_desktop": "center",
        "spacing_gap": 12,
        "menu_transform": "capitalize",
        "link_type": "dot",
        "use_custom_button": false,
        "use_button_label": "Button label",
        "use_button_link": "",
        "icon_type_style": "default-text",
        "enable_search": true,
        "enable_account": true,
        "enable_cart": true,
        "enable_wishlist": true,
        "enable_country_selector": false,
        "enable_language_selector": false,
        "function_alignment_desktop": "end",
        "enable_search_mobile": true,
        "enable_account_mobile": true,
        "enable_cart_mobile": true,
        "enable_wishlist_mobile": false,
        "enable_country_selector_mobile": true,
        "enable_language_selector_mobile": true,
        "mobile_logo_position": "center",
        "padding_top": 32,
        "padding_bottom": 33
      }
    }
  },
  "order": [
    "f01bdda2-1287-4e1e-b6cb-405f2757e575",
    "header"
  ]
}