{
  "sections": {
    "e0aa4c9c-443f-4ba7-b27b-d933547fad47": {
      "type": "slideshow",
      "blocks": {
        "template--16983480697071__e0aa4c9c-443f-4ba7-b27b-d933547fad47-slide-1": {
          "type": "slide",
          "settings": {
            "image": "shopify:\/\/shop_images\/banner-2_91def2f3-799a-47d3-846a-fd3e52209c57.jpg",
            "content_max_width": 740,
            "heading_font": "font-heading",
            "heading": "CONCEPT is a furniture firm with more than twenty years of experience.",
            "heading_size": "x-small",
            "heading_margin_bottom": 20,
            "subheading": "",
            "subheading_size": "medium",
            "subheading_margin_bottom": 30,
            "box_align": "bottom-left",
            "text_alignment": "left",
            "image_overlay_opacity": 40,
            "color_overlay_opacity": "#000000",
            "primary_button_label": "SHOP NOW",
            "primary_button_link": "shopify:\/\/collections\/chairs-1",
            "secondary_button_label": "CATEGORIES",
            "secondary_button_link": "shopify:\/\/collections\/tables",
            "button_transparent": "transparent",
            "button_spacing_between": 40,
            "buttons_direction": "vertical",
            "padding_top_bottom": 0,
            "padding_left_right": 0
          }
        },
        "c320af37-6fbe-4a71-a5cc-7589dfd61b7c": {
          "type": "slide",
          "settings": {
            "image": "shopify:\/\/shop_images\/Furniture_Finesse_slidehow_2.jpg",
            "content_max_width": 740,
            "heading_font": "font-heading",
            "heading": "CONCEPT is a furniture firm with more than twenty years of experience.",
            "heading_size": "x-small",
            "heading_margin_bottom": 20,
            "subheading": "",
            "subheading_size": "medium",
            "subheading_margin_bottom": 30,
            "box_align": "bottom-left",
            "text_alignment": "left",
            "image_overlay_opacity": 40,
            "color_overlay_opacity": "#000000",
            "primary_button_label": "SHOP NOW",
            "primary_button_link": "shopify:\/\/collections\/decorations",
            "secondary_button_label": "CATEGORIES",
            "secondary_button_link": "shopify:\/\/collections\/accessories",
            "button_transparent": "transparent",
            "button_spacing_between": 40,
            "buttons_direction": "vertical",
            "padding_top_bottom": 0,
            "padding_left_right": 0
          }
        },
        "060498fb-eb8b-49f4-b662-d0ad367427e9": {
          "type": "slide",
          "settings": {
            "image": "shopify:\/\/shop_images\/Furniture_Finesse_slidehow_3.jpg",
            "content_max_width": 740,
            "heading_font": "font-heading",
            "heading": "CONCEPT is a furniture firm with more than twenty years of experience.",
            "heading_size": "x-small",
            "heading_margin_bottom": 20,
            "subheading": "",
            "subheading_size": "medium",
            "subheading_margin_bottom": 30,
            "box_align": "bottom-left",
            "text_alignment": "left",
            "image_overlay_opacity": 40,
            "color_overlay_opacity": "#000000",
            "primary_button_label": "SHOP NOW",
            "primary_button_link": "shopify:\/\/collections\/decorations",
            "secondary_button_label": "CATEGORIES",
            "secondary_button_link": "shopify:\/\/collections\/new-arrivals",
            "button_transparent": "transparent",
            "button_spacing_between": 40,
            "buttons_direction": "vertical",
            "padding_top_bottom": 0,
            "padding_left_right": 0
          }
        }
      },
      "block_order": [
        "template--16983480697071__e0aa4c9c-443f-4ba7-b27b-d933547fad47-slide-1",
        "c320af37-6fbe-4a71-a5cc-7589dfd61b7c",
        "060498fb-eb8b-49f4-b662-d0ad367427e9"
      ],
      "settings": {
        "section_width": "page-width",
        "customize_width": 1800,
        "image_ratio": "adapt-image",
        "image_ratio_mobile": "550px",
        "color_scheme": "background-2",
        "arrows_type": "none",
        "arrows_position": "bottom-right",
        "carousel_infinite_scroll": true,
        "enable_autoplay": false,
        "color_autoplay": "#ffffff",
        "change_slides_speed": 5,
        "enable_pagination_type": "all",
        "pagination_type": "number",
        "image_behavior": "parallax-scroll",
        "accessibility_info": "Slideshow about our brand"
      }
    },
    "7c3d1da7-5afd-46eb-9ddd-37e3b1b4c9f8": {
      "type": "featured-product-tab",
      "blocks": {
        "template--17032663990511__7c3d1da7-5afd-46eb-9ddd-37e3b1b4c9f8-tab-1": {
          "type": "tab",
          "settings": {
            "heading": "All Furniture",
            "collection": "all",
            "product_list": [
              "luxury-living-room-sofas",
              "oberlin-console-cabinet",
              "norway-lowback-nimo-chair",
              "2-seats-sofa",
              "inox-living-room-table-2",
              "metal-living-room-table"
            ]
          }
        },
        "template--17032663990511__7c3d1da7-5afd-46eb-9ddd-37e3b1b4c9f8-tab-2": {
          "type": "tab",
          "settings": {
            "heading": "Chairs",
            "collection": "chairs-1",
            "product_list": [

            ]
          }
        },
        "template--17032663990511__7c3d1da7-5afd-46eb-9ddd-37e3b1b4c9f8-tab-3": {
          "type": "tab",
          "settings": {
            "heading": "Tables",
            "collection": "tables",
            "product_list": [

            ]
          }
        },
        "97f7e363-b0c0-4bcf-b66d-d3806119d5fe": {
          "type": "tab",
          "settings": {
            "heading": "Decorations",
            "collection": "decorations",
            "product_list": [

            ]
          }
        },
        "c6cc13e0-c1ac-428b-aded-f990f04d79dc": {
          "type": "tab",
          "settings": {
            "heading": "Accessories",
            "collection": "accessories",
            "product_list": [

            ]
          }
        }
      },
      "block_order": [
        "template--17032663990511__7c3d1da7-5afd-46eb-9ddd-37e3b1b4c9f8-tab-1",
        "template--17032663990511__7c3d1da7-5afd-46eb-9ddd-37e3b1b4c9f8-tab-2",
        "template--17032663990511__7c3d1da7-5afd-46eb-9ddd-37e3b1b4c9f8-tab-3",
        "97f7e363-b0c0-4bcf-b66d-d3806119d5fe",
        "c6cc13e0-c1ac-428b-aded-f990f04d79dc"
      ],
      "settings": {
        "type_style": "classic",
        "section_width": "page-width",
        "customize_width": 1800,
        "text_alignment": "left",
        "heading": "Shopping New Arrivals",
        "heading_size": "default",
        "text": "",
        "color_scheme": "",
        "products_to_show": 5,
        "product_color_scheme": "scheme-aa17e05c-af1a-47ac-a16b-239bd5257899",
        "card_button_text_size": "large",
        "arrows_type": "lg",
        "enable_pagination_type": "all",
        "pagination_type": "progressbar",
        "carousel_infinite_scroll": false,
        "text_animation": "none",
        "padding_top": 100,
        "padding_bottom": 100,
        "padding_top_mobile": 50,
        "padding_bottom_mobile": 50
      }
    },
    "cc046de2-e4a9-44e8-a10b-7b2d01f62c5e": {
      "type": "image-with-collection",
      "settings": {
        "section_width": "page-width",
        "customize_width": 1800,
        "heading": "Discover Our Highest Volumn",
        "heading_size": "default",
        "heading_margin_bottom": 50,
        "text_alignment": "left",
        "image": "shopify:\/\/shop_images\/banner-1_2a237373-88e9-410f-8aac-b980c22992ac.jpg",
        "collection": "",
        "product_list": [
          "briar-sleeper-sofa"
        ],
        "products_to_show": 5,
        "carousel_number": 1,
        "carousel_number_tablet": 1.1,
        "carousel_number_mobile": "1.2",
        "arrows_type": "none",
        "carousel_infinite_scroll": false,
        "enable_pagination_type": "all",
        "pagination_type": "progressbar",
        "color_scheme": "scheme-aa17e05c-af1a-47ac-a16b-239bd5257899",
        "use_background_gradient": false,
        "colors_background_special": "",
        "gradient_background_special": "linear-gradient(215deg, rgba(248, 208, 218, 0.45) 34.38%, rgba(195, 236, 252, 0.45) 73.44%)",
        "image_animation": "none",
        "image_behavior": "none",
        "padding_top": 95,
        "padding_bottom": 100,
        "padding_top_mobile": 35,
        "padding_bottom_mobile": 50
      }
    },
    "955f0cdf-8c84-4c14-93da-3c4ac2383e85": {
      "type": "featured-collection",
      "blocks": {
        "c3b6d845-c74b-448a-9948-6becc13d3cf1": {
          "type": "heading",
          "settings": {
            "heading": "Enjoy Discounts of Up To 40%",
            "heading_size": "default",
            "label_view_all": "",
            "show_view_all": "none",
            "text_view_all": "",
            "text_view_all_size": "medium",
            "text_alignment": "left",
            "padding_top": 0,
            "padding_bottom": 50
          }
        }
      },
      "block_order": [
        "c3b6d845-c74b-448a-9948-6becc13d3cf1"
      ],
      "settings": {
        "section_width": "page-width",
        "customize_width": 1800,
        "show_line_separator_top": false,
        "show_line_separator_bottom": false,
        "collection": "",
        "product_list": [
          "briar-sleeper-sofa-3",
          "chelsea-sofa",
          "solid-wood-beech-tv-stand",
          "norway-lowback-nimo-chair",
          "inox-living-room-table-1",
          "wood-cabinets-living-room"
        ],
        "products_to_show": 6,
        "carousel_number": 3.5,
        "carousel_number_tablet": 1.6,
        "carousel_number_mobile": "1.2",
        "spacing_desktop": 20,
        "spacing_tablet": 20,
        "spacing_mobile": 10,
        "arrows_type": "lg",
        "carousel_infinite_scroll": false,
        "enable_pagination_type": "all",
        "pagination_type": "progressbar",
        "color_scheme": "scheme-aa17e05c-af1a-47ac-a16b-239bd5257899",
        "use_background_gradient": false,
        "colors_background_special": "",
        "gradient_background_special": "linear-gradient(215deg, rgba(248, 208, 218, 0.45) 34.38%, rgba(195, 236, 252, 0.45) 73.44%)",
        "text_animation": "none",
        "padding_top": 100,
        "padding_bottom": 100,
        "padding_top_mobile": 50,
        "padding_bottom_mobile": 50
      }
    },
    "4857f932-2238-49cb-9246-18bf31f07216": {
      "type": "collection-with-product",
      "blocks": {
        "template--16983480697071__4857f932-2238-49cb-9246-18bf31f07216-slide-1": {
          "type": "slide",
          "settings": {
            "collection": "concept-shopify-elite-creation",
            "heading": "",
            "button_transparent": "transparent",
            "button_label": "DISCOVER ALL",
            "button_link": "",
            "text_alignment": "right",
            "image_overlay_opacity": 30,
            "color_overlay_opacity": "#000000"
          }
        },
        "template--16983480697071__4857f932-2238-49cb-9246-18bf31f07216-slide-2": {
          "type": "slide",
          "settings": {
            "collection": "concept-shopify-superior-theme",
            "heading": "",
            "button_transparent": "transparent",
            "button_label": "DISCOVER ALL",
            "button_link": "",
            "text_alignment": "right",
            "image_overlay_opacity": 30,
            "color_overlay_opacity": "#000000"
          }
        }
      },
      "block_order": [
        "template--16983480697071__4857f932-2238-49cb-9246-18bf31f07216-slide-1",
        "template--16983480697071__4857f932-2238-49cb-9246-18bf31f07216-slide-2"
      ],
      "settings": {
        "section_width": "page-width",
        "customize_width": 1800,
        "heading_font": "font-heading",
        "heading_size": "x-small",
        "slide_height": 100,
        "color_scheme_product": "scheme-3bc955e8-1553-49ce-a8e6-8e4f75826bc6",
        "color_scheme": "scheme-e73a3976-e92b-4f6f-8b4d-2a58fb5b1976",
        "change_slides_speed": 5,
        "change_slides_duration": 1.6,
        "arrows_type": "all",
        "carousel_infinite_scroll": true,
        "padding_top": 80,
        "padding_bottom": 80,
        "padding_top_mobile": 40,
        "padding_bottom_mobile": 40
      }
    },
    "44bf22e9-feae-4554-935a-60615ba0e531": {
      "type": "collage",
      "blocks": {
        "template--16983480697071__44bf22e9-feae-4554-935a-60615ba0e531-image-1": {
          "type": "image",
          "settings": {
            "image": "shopify:\/\/shop_images\/Rectangle_1_f7cf284a-b5c0-42f2-844f-0065ffddd239.jpg",
            "heading_image": "Relax Eames Arm Chair",
            "heading_size": "x-small",
            "button_transparent": "transparent",
            "button_type": "classic",
            "button_label": "SHOP PRODUCTS",
            "link": "shopify:\/\/collections\/chairs-1",
            "image_overlay_opacity": 30,
            "color_overlay_opacity": "#000000",
            "desktop_content_position": "top-right"
          }
        },
        "82c87384-82f2-48de-9322-05baff93a6b9": {
          "type": "image",
          "settings": {
            "image": "shopify:\/\/shop_images\/banner-4.jpg",
            "heading_image": "",
            "heading_size": "default",
            "button_transparent": "transparent",
            "button_type": "classic",
            "button_label": "",
            "link": "shopify:\/\/collections\/new-arrivals",
            "image_overlay_opacity": 30,
            "color_overlay_opacity": "#000000",
            "desktop_content_position": "top-left"
          }
        }
      },
      "block_order": [
        "template--16983480697071__44bf22e9-feae-4554-935a-60615ba0e531-image-1",
        "82c87384-82f2-48de-9322-05baff93a6b9"
      ],
      "settings": {
        "section_width": "full-width",
        "customize_width": 1800,
        "enable_full_width": true,
        "heading": "Explore Leading Product",
        "text": "",
        "text_alignment": "left",
        "heading_margin_bottom": 60,
        "image_ratio": "adapt",
        "spacing_desktop": 0,
        "spacing_tablet": 0,
        "spacing_mobile": 0,
        "enable_carousel": false,
        "enable_pagination_type": "all",
        "pagination_type": "progressbar",
        "color_scheme": "inverse",
        "image_animation": "zoom-out",
        "image_behavior": "parallax-scroll",
        "text_animation": "fade-down",
        "padding_top": 100,
        "padding_bottom": 0,
        "padding_top_mobile": 60,
        "padding_bottom_mobile": 0
      }
    },
    "a1f0907c-01b4-4753-bcea-a2a2a2bb8814": {
      "type": "image-banner",
      "blocks": {
        "template--16983480697071__a1f0907c-01b4-4753-bcea-a2a2a2bb8814-heading-1": {
          "type": "heading",
          "settings": {
            "heading": "Long Corner Sofa",
            "heading_size": "x-small",
            "padding_top": 0,
            "padding_bottom": 10
          }
        },
        "template--16983480697071__a1f0907c-01b4-4753-bcea-a2a2a2bb8814-buttons-1": {
          "type": "buttons",
          "settings": {
            "button_transparent": "transparent",
            "primary_button_label": "SHOP PRODUCTS",
            "primary_button_link": "shopify:\/\/collections\/accessories",
            "secondary_button_label": "",
            "secondary_button_link": "",
            "padding_top": 10,
            "padding_bottom": 0
          }
        }
      },
      "block_order": [
        "template--16983480697071__a1f0907c-01b4-4753-bcea-a2a2a2bb8814-heading-1",
        "template--16983480697071__a1f0907c-01b4-4753-bcea-a2a2a2bb8814-buttons-1"
      ],
      "settings": {
        "type_style": "classic",
        "section_width": "full-width",
        "customize_width": 1800,
        "custom_rouded": false,
        "custom_block_rouded": 0,
        "image": "shopify:\/\/shop_images\/banner-5.jpg",
        "content_inside_image_mobile": true,
        "mobile_row_height": 172,
        "desktop_content_position": "bottom-left",
        "desktop_include_margins": false,
        "desktop_content_alignment": "left",
        "mobile_content_alignment": "center",
        "custom_content_max_width": false,
        "content_max_width": 500,
        "mobile_color_scheme": "default",
        "colors_text": "#424242",
        "colors_background": "",
        "gradient_background": "linear-gradient(90deg, rgba(246, 238, 227, 1), rgba(223, 244, 247, 1) 100%)",
        "color_scheme": "background-2",
        "image_overlay_opacity": 30,
        "color_overlay_opacity": "#000000",
        "image_behavior": "fixed",
        "text_animation": "fade-up",
        "padding_top": 0,
        "padding_bottom": 0,
        "padding_top_mobile": 0,
        "padding_bottom_mobile": 0
      }
    },
    "e9ae3325-0763-48bc-ae0e-0596ae199c4f": {
      "type": "collage",
      "blocks": {
        "template--16983480697071__e9ae3325-0763-48bc-ae0e-0596ae199c4f-image-1": {
          "type": "image",
          "settings": {
            "image": "shopify:\/\/shop_images\/banner-6.jpg",
            "heading_image": "Trudy Deep Arm Chair",
            "heading_size": "x-small",
            "button_transparent": "transparent",
            "button_type": "classic",
            "button_label": "SHOP PRODUCTS",
            "link": "shopify:\/\/collections\/chairs-1",
            "image_overlay_opacity": 30,
            "color_overlay_opacity": "#000000",
            "desktop_content_position": "top-right"
          }
        },
        "template--16983480697071__e9ae3325-0763-48bc-ae0e-0596ae199c4f-image-2": {
          "type": "image",
          "settings": {
            "image": "shopify:\/\/shop_images\/Rectangle_4.jpg",
            "heading_image": "",
            "heading_size": "default",
            "button_transparent": "transparent",
            "button_type": "classic",
            "button_label": "",
            "link": "",
            "image_overlay_opacity": 30,
            "color_overlay_opacity": "#000000",
            "desktop_content_position": "top-left"
          }
        }
      },
      "block_order": [
        "template--16983480697071__e9ae3325-0763-48bc-ae0e-0596ae199c4f-image-1",
        "template--16983480697071__e9ae3325-0763-48bc-ae0e-0596ae199c4f-image-2"
      ],
      "settings": {
        "section_width": "full-width",
        "customize_width": 1800,
        "enable_full_width": true,
        "heading": "",
        "text": "",
        "text_alignment": "center",
        "heading_margin_bottom": 30,
        "image_ratio": "adapt",
        "spacing_desktop": 0,
        "spacing_tablet": 0,
        "spacing_mobile": 0,
        "enable_carousel": false,
        "enable_pagination_type": "all",
        "pagination_type": "progressbar",
        "color_scheme": "inverse",
        "image_animation": "zoom-out",
        "image_behavior": "parallax-scroll",
        "text_animation": "none",
        "padding_top": 0,
        "padding_bottom": 0,
        "padding_top_mobile": 0,
        "padding_bottom_mobile": 0
      }
    },
    "f25dca35-235d-400e-a722-238023886ffb": {
      "type": "image-banner",
      "blocks": {
        "b9594217-c054-47fc-9d12-a5853786acbd": {
          "type": "heading",
          "settings": {
            "heading": "Decorate Arm Chair",
            "heading_size": "x-small",
            "padding_top": 0,
            "padding_bottom": 10
          }
        },
        "0c52a448-98b8-455f-898f-c8a84a396a93": {
          "type": "buttons",
          "settings": {
            "button_transparent": "transparent",
            "primary_button_label": "SHOP PRODUCTS",
            "primary_button_link": "shopify:\/\/collections\/accessories",
            "secondary_button_label": "",
            "secondary_button_link": "",
            "padding_top": 10,
            "padding_bottom": 0
          }
        }
      },
      "block_order": [
        "b9594217-c054-47fc-9d12-a5853786acbd",
        "0c52a448-98b8-455f-898f-c8a84a396a93"
      ],
      "settings": {
        "type_style": "classic",
        "section_width": "full-width",
        "customize_width": 1800,
        "custom_rouded": false,
        "custom_block_rouded": 0,
        "image": "shopify:\/\/shop_images\/Image-banner-2_b7d3e6ca-7a42-4ee3-8ba5-3f182b576af6.jpg",
        "content_inside_image_mobile": true,
        "mobile_row_height": 172,
        "desktop_content_position": "bottom-left",
        "desktop_include_margins": false,
        "desktop_content_alignment": "left",
        "mobile_content_alignment": "center",
        "custom_content_max_width": false,
        "content_max_width": 500,
        "mobile_color_scheme": "default",
        "colors_text": "#424242",
        "colors_background": "",
        "gradient_background": "linear-gradient(90deg, rgba(246, 238, 227, 1), rgba(223, 244, 247, 1) 100%)",
        "color_scheme": "background-2",
        "image_overlay_opacity": 30,
        "color_overlay_opacity": "#000000",
        "image_behavior": "fixed",
        "text_animation": "fade-up",
        "padding_top": 0,
        "padding_bottom": 100,
        "padding_top_mobile": 0,
        "padding_bottom_mobile": 50
      }
    },
    "2cb03ccb-6eca-46f9-9cca-9d3b19483497": {
      "type": "featured-collection",
      "blocks": {
        "template--17000576123119__2cb03ccb-6eca-46f9-9cca-9d3b19483497-heading-1": {
          "type": "heading",
          "settings": {
            "heading": "Explore Our Bundle Set Items",
            "heading_size": "default",
            "label_view_all": "",
            "show_view_all": "link",
            "text_view_all": "",
            "text_view_all_size": "medium",
            "text_alignment": "left",
            "padding_top": 0,
            "padding_bottom": 50
          }
        }
      },
      "block_order": [
        "template--17000576123119__2cb03ccb-6eca-46f9-9cca-9d3b19483497-heading-1"
      ],
      "settings": {
        "section_width": "page-width",
        "customize_width": 1800,
        "show_line_separator_top": false,
        "show_line_separator_bottom": false,
        "collection": "",
        "product_list": [
          "modern-couch-in-brownie-sofa",
          "contemporary-office-furniture-sofa",
          "audrey-extension-table",
          "inox-living-room-table"
        ],
        "products_to_show": 5,
        "carousel_number": 2.3,
        "carousel_number_tablet": 1.1,
        "carousel_number_mobile": "1.2",
        "spacing_desktop": 20,
        "spacing_tablet": 20,
        "spacing_mobile": 10,
        "arrows_type": "lg",
        "carousel_infinite_scroll": false,
        "enable_pagination_type": "all",
        "pagination_type": "progressbar",
        "color_scheme": "scheme-aa17e05c-af1a-47ac-a16b-239bd5257899",
        "use_background_gradient": false,
        "colors_background_special": "",
        "gradient_background_special": "linear-gradient(215deg, rgba(248, 208, 218, 0.45) 34.38%, rgba(195, 236, 252, 0.45) 73.44%)",
        "text_animation": "none",
        "padding_top": 100,
        "padding_bottom": 100,
        "padding_top_mobile": 50,
        "padding_bottom_mobile": 50
      }
    },
    "723ce4a5-1e9e-4385-a3c5-fc054c7af747": {
      "type": "collapsible-collection",
      "blocks": {
        "6c3fe8f9-dfc5-472f-b98f-b38f9e3d5aad": {
          "type": "collapsible_row",
          "settings": {
            "collection": "working-chair",
            "heading": "",
            "text": "",
            "button_label": "SHOP PRODUCTS",
            "button_link": "",
            "padding_top": 10,
            "padding_bottom": 10
          }
        },
        "85ab6820-3212-4886-bdf5-25fdf1490d77": {
          "type": "collapsible_row",
          "settings": {
            "collection": "appliance-deals-offers",
            "heading": "",
            "text": "",
            "button_label": "SHOP PRODUCTS",
            "button_link": "",
            "padding_top": 10,
            "padding_bottom": 10
          }
        },
        "1b7b1075-7000-4f8d-b5e1-4717ab5057ab": {
          "type": "collapsible_row",
          "settings": {
            "collection": "limited-time-offers",
            "heading": "",
            "text": "",
            "button_label": "SHOP PRODUCTS",
            "button_link": "",
            "padding_top": 10,
            "padding_bottom": 10
          }
        },
        "5e7a02ad-746d-43a5-835d-9f466bc6b962": {
          "type": "collapsible_row",
          "settings": {
            "collection": "our-lowest-price",
            "heading": "",
            "text": "",
            "button_label": "SHOP PRODUCTS",
            "button_link": "",
            "padding_top": 10,
            "padding_bottom": 10
          }
        }
      },
      "block_order": [
        "6c3fe8f9-dfc5-472f-b98f-b38f9e3d5aad",
        "85ab6820-3212-4886-bdf5-25fdf1490d77",
        "1b7b1075-7000-4f8d-b5e1-4717ab5057ab",
        "5e7a02ad-746d-43a5-835d-9f466bc6b962"
      ],
      "settings": {
        "section_width": "page-width",
        "customize_width": 1800,
        "heading": "Our Explosive Deals",
        "heading_size": "default",
        "heading_margin_bottom": 50,
        "heading_size_block": "x-small",
        "text_alignment": "left",
        "button_transparent": "transparent",
        "color_scheme": "inverse",
        "padding_top": 100,
        "padding_bottom": 100,
        "padding_top_mobile": 60,
        "padding_bottom_mobile": 60
      }
    },
    "b1d591c7-2546-4d5f-80c8-d7c4a0b777cd": {
      "type": "collection-list",
      "blocks": {
        "template--17032663990511__b1d591c7-2546-4d5f-80c8-d7c4a0b777cd-collection-1": {
          "type": "collection",
          "settings": {
            "collection": "hot-cold-sofa"
          }
        },
        "template--17032663990511__b1d591c7-2546-4d5f-80c8-d7c4a0b777cd-collection-2": {
          "type": "collection",
          "settings": {
            "collection": "sa-pauma-timeless-collection"
          }
        },
        "template--17032663990511__b1d591c7-2546-4d5f-80c8-d7c4a0b777cd-collection-3": {
          "type": "collection",
          "settings": {
            "collection": "hello-dawn-bedroom"
          }
        },
        "7e5527af-c4ea-4aa7-8135-3574e6fcaec2": {
          "type": "collection",
          "settings": {
            "collection": "ocean-xii-decoration"
          }
        },
        "11213b61-9706-48ee-b07a-66e905ce6328": {
          "type": "collection",
          "settings": {
            "collection": "minotti-creed-armchair"
          }
        },
        "0954178b-5dbe-4fd7-b805-f99d96261679": {
          "type": "collection",
          "settings": {
            "collection": "mordern-beside-table"
          }
        }
      },
      "block_order": [
        "template--17032663990511__b1d591c7-2546-4d5f-80c8-d7c4a0b777cd-collection-1",
        "template--17032663990511__b1d591c7-2546-4d5f-80c8-d7c4a0b777cd-collection-2",
        "template--17032663990511__b1d591c7-2546-4d5f-80c8-d7c4a0b777cd-collection-3",
        "7e5527af-c4ea-4aa7-8135-3574e6fcaec2",
        "11213b61-9706-48ee-b07a-66e905ce6328",
        "0954178b-5dbe-4fd7-b805-f99d96261679"
      ],
      "settings": {
        "type_style": "masonry",
        "heading": "Timeless Living COCE Collections",
        "heading_size": "default",
        "heading_margin_bottom": 50,
        "show_view_all": false,
        "text_view_all": "",
        "button_transparent": "transparent",
        "show_line_separator": false,
        "header_alignment": "left",
        "image_width": "full",
        "image_ratio": "adapt",
        "height_odd_image": 140,
        "height_even_image": 100,
        "blocks_heading_size": "text-body",
        "font_transform": "uppercase",
        "text_alignment": "left",
        "color_scheme": "",
        "use_custom_color": false,
        "colors_background": "",
        "gradient_background": "linear-gradient(180deg, rgba(245, 242, 233, 1) 55.7%, rgba(255, 255, 255, 1) 55.72%, rgba(255, 255, 255, 1) 100%)",
        "enable_carousel": true,
        "carousel_gap": 10,
        "arrows_type": "lg",
        "carousel_infinite_scroll": false,
        "columns_desktop": 4,
        "columns_mobile": "1",
        "image_animation": "zoom-out",
        "text_animation": "zoom-out",
        "padding_top": 100,
        "padding_bottom": 100,
        "padding_top_mobile": 50,
        "padding_bottom_mobile": 33
      }
    },
    "bb09e0a9-5f87-46d1-90f6-e6ef5bb6bb54": {
      "type": "brand-list",
      "blocks": {
        "template--16983480697071__bb09e0a9-5f87-46d1-90f6-e6ef5bb6bb54-brand-1": {
          "type": "brand",
          "settings": {
            "image": "shopify:\/\/shop_images\/brand_1.png",
            "link": ""
          }
        },
        "template--16983480697071__bb09e0a9-5f87-46d1-90f6-e6ef5bb6bb54-brand-2": {
          "type": "brand",
          "settings": {
            "image": "shopify:\/\/shop_images\/brand_2.png",
            "link": ""
          }
        },
        "template--16983480697071__bb09e0a9-5f87-46d1-90f6-e6ef5bb6bb54-brand-3": {
          "type": "brand",
          "settings": {
            "image": "shopify:\/\/shop_images\/brand_3.png",
            "link": ""
          }
        },
        "template--16983480697071__bb09e0a9-5f87-46d1-90f6-e6ef5bb6bb54-brand-4": {
          "type": "brand",
          "settings": {
            "image": "shopify:\/\/shop_images\/brand_4.png",
            "link": ""
          }
        },
        "1cd78f64-f901-4134-a588-837a57909ea4": {
          "type": "brand",
          "settings": {
            "image": "shopify:\/\/shop_images\/brand_5.png",
            "link": ""
          }
        },
        "dc34ada0-0c74-4bd5-b2cd-19ce5d74f5ab": {
          "type": "brand",
          "settings": {
            "image": "shopify:\/\/shop_images\/brand_6.png",
            "link": ""
          }
        },
        "b6bd75ec-00d6-4e21-8fde-db69de8e78a7": {
          "type": "brand",
          "settings": {
            "image": "shopify:\/\/shop_images\/brand_7.png",
            "link": ""
          }
        }
      },
      "block_order": [
        "template--16983480697071__bb09e0a9-5f87-46d1-90f6-e6ef5bb6bb54-brand-1",
        "template--16983480697071__bb09e0a9-5f87-46d1-90f6-e6ef5bb6bb54-brand-2",
        "template--16983480697071__bb09e0a9-5f87-46d1-90f6-e6ef5bb6bb54-brand-3",
        "template--16983480697071__bb09e0a9-5f87-46d1-90f6-e6ef5bb6bb54-brand-4",
        "1cd78f64-f901-4134-a588-837a57909ea4",
        "dc34ada0-0c74-4bd5-b2cd-19ce5d74f5ab",
        "b6bd75ec-00d6-4e21-8fde-db69de8e78a7"
      ],
      "settings": {
        "section_width": "page-width",
        "customize_width": 1800,
        "title": "<p>OUR MISSION IS TO ENHANCE THE FUNCTIONALITY OF YOUR LIVING SPACE <\/p>",
        "title_size": "medium",
        "colors_title": "#666666",
        "content": "<p>Simplicity is the pinnacle of sophistication Beautify the world inside your home<\/p>",
        "content_size": "medium",
        "content_margin_bottom": 100,
        "text_view_all": "",
        "primary_text_link": "",
        "button_transparent": "transparent",
        "button_margin_top": 38,
        "type_display": "carousel",
        "enable_pagination_type": "all",
        "pagination_type": "progressbar",
        "pagination_spacing_top": 90,
        "carousel_number": 4,
        "carousel_number_tablet": 3,
        "carousel_number_mobile": 2.2,
        "color_scheme": "",
        "use_custom_color": false,
        "colors_background": "",
        "gradient_background": "linear-gradient(90deg, rgba(246, 238, 227, 1), rgba(223, 244, 247, 1) 100%)",
        "image_animation": "zoom-out",
        "padding_top": 100,
        "padding_bottom": 100,
        "padding_top_mobile": 50,
        "padding_bottom_mobile": 50
      }
    }
  },
  "order": [
    "e0aa4c9c-443f-4ba7-b27b-d933547fad47",
    "7c3d1da7-5afd-46eb-9ddd-37e3b1b4c9f8",
    "cc046de2-e4a9-44e8-a10b-7b2d01f62c5e",
    "955f0cdf-8c84-4c14-93da-3c4ac2383e85",
    "4857f932-2238-49cb-9246-18bf31f07216",
    "44bf22e9-feae-4554-935a-60615ba0e531",
    "a1f0907c-01b4-4753-bcea-a2a2a2bb8814",
    "e9ae3325-0763-48bc-ae0e-0596ae199c4f",
    "f25dca35-235d-400e-a722-238023886ffb",
    "2cb03ccb-6eca-46f9-9cca-9d3b19483497",
    "723ce4a5-1e9e-4385-a3c5-fc054c7af747",
    "b1d591c7-2546-4d5f-80c8-d7c4a0b777cd",
    "bb09e0a9-5f87-46d1-90f6-e6ef5bb6bb54"
  ]
}