{
  "name": "t:sections.footer.name",
  "type": "footer",
  "sections": {
    "footer": {
      "type": "footer",
      "blocks": {
        "footer-0": {
          "type": "link_list",
          "settings": {
            "heading": "Shop",
            "heading_font": "f-bold",
            "menu": "categories-blog-page",
            "custom_separator_color": true,
            "separator_color": "rgba(0,0,0,0)",
            "padding_bottom_xs": 8,
            "padding_top_xs": 15
          }
        },
        "footer-1": {
          "type": "link_list",
          "settings": {
            "heading": "FAQs",
            "heading_font": "f-bold",
            "menu": "further-info",
            "custom_separator_color": true,
            "separator_color": "rgba(0,0,0,0)",
            "padding_bottom_xs": 8,
            "padding_top_xs": 15
          }
        },
        "24d4b3c1-dce3-4fd9-b167-41df16cdea48": {
          "type": "link_list",
          "settings": {
            "heading": "Service",
            "heading_font": "f-bold",
            "menu": "customer-service",
            "custom_separator_color": true,
            "separator_color": "rgba(0,0,0,0)",
            "padding_bottom_xs": 8,
            "padding_top_xs": 15
          }
        },
        "f53488a8-58b2-4c69-9788-d3fdaaf1fa0f": {
          "type": "social",
          "settings": {
            "heading": "Social",
            "heading_font": "f-bold",
            "social_heading_size": "h3",
            "social_media_colors_text": "#2d2d2d",
            "custom_separator_color": true,
            "separator_color": "rgba(0,0,0,0)",
            "show_appstore": false,
            "heading_app": "Heading app store",
            "app_heading_size": "h3",
            "heading_font_app": "f-bold",
            "appstore_link_1": "",
            "appstore_link_2": "",
            "margin_top": 0,
            "margin_bottom": 26,
            "padding_bottom_xs": 8,
            "padding_top_xs": 15
          }
        },
        "c1e13ca1-597b-4018-9fb0-79a0eee0f099": {
          "type": "newsletter",
          "settings": {
            "block_width": "default",
            "type_style_newsletter": "special",
            "image_width": 100,
            "heading": "NEWSLETTER SIGN UP",
            "heading_font": "f-bold",
            "heading_typography": "font-body",
            "heading_size": "h3",
            "heading_size_step": 0,
            "subtext": "",
            "text_size": "medium",
            "text_margin_top": 0,
            "text_margin_bottom": 16,
            "text_alignment": "left",
            "button_label": "",
            "hide_arrow": false,
            "caption": "<p>Receive early access, wishlist on discount and more promotion. Your privacy is our policy. <\/p>",
            "caption_size": "medium",
            "check_text": "",
            "show_social": false,
            "social_media_colors_text": "#2d2d2d",
            "social_media_colors_background": "",
            "social_media_gradient_background": "",
            "margin_top": 0,
            "margin_bottom": 0
          }
        }
      },
      "block_order": [
        "footer-0",
        "footer-1",
        "24d4b3c1-dce3-4fd9-b167-41df16cdea48",
        "f53488a8-58b2-4c69-9788-d3fdaaf1fa0f",
        "c1e13ca1-597b-4018-9fb0-79a0eee0f099"
      ],
      "settings": {
        "type_style": "modern",
        "section_width": "page-width",
        "customize_width": 1800,
        "margin_top": 0,
        "heading_size": "large",
        "heading_typography": "font-body",
        "text_size": "default",
        "text_typography": "font-body",
        "link_row_gap": 8,
        "show_line_separator": true,
        "footer_top_padding_top": 80,
        "footer_top_padding_bottom": 14,
        "footer_top_padding_top_mobile": 40,
        "footer_top_padding_bottom_mobile": 40,
        "footer_top_color_scheme": "",
        "footer_bot_show_line_separator": false,
        "footer_bottom_padding_top": 0,
        "footer_bottom_padding_bottom": 0,
        "footer_bottom_padding_top_mobile": 0,
        "footer_bottom_padding_bottom_mobile": 0,
        "footer_bottom_color_scheme": "",
        "bottom_text_size": "medium",
        "enable_country_selector": false,
        "enable_language_selector": false,
        "payment_enable": false,
        "show_copyright_and_powered": false,
        "show_policy": false,
        "show_social": false,
        "social_media_colors_text": "#2d2d2d",
        "social_media_colors_background": "",
        "social_media_gradient_background": ""
      }
    },
    "eccd78cc-48f7-4c86-a24d-f1af5b676f72": {
      "type": "marquee",
      "blocks": {
        "0b9bf8fb-4ac7-4b98-8483-079f01d980bc": {
          "type": "marquee",
          "settings": {
            "type_marquee": "image",
            "text": "",
            "set_transparent_text": false,
            "enable_color_underline": false,
            "colors_underline": "#000000",
            "options_colors_underline": "full",
            "image_marquee": "shopify:\/\/shop_images\/home-2-marquee.png",
            "image_height": 256,
            "link": "shopify:\/\/collections"
          }
        },
        "marquee_wbRJYD": {
          "type": "marquee",
          "settings": {
            "type_marquee": "image",
            "text": "",
            "set_transparent_text": false,
            "enable_color_underline": false,
            "colors_underline": "#000000",
            "options_colors_underline": "full",
            "image_marquee": "shopify:\/\/shop_images\/home-2-marquee.png",
            "image_height": 256,
            "link": "shopify:\/\/collections"
          }
        },
        "marquee_P48WKV": {
          "type": "marquee",
          "settings": {
            "type_marquee": "image",
            "text": "",
            "set_transparent_text": false,
            "enable_color_underline": false,
            "colors_underline": "#000000",
            "options_colors_underline": "full",
            "image_marquee": "shopify:\/\/shop_images\/home-2-marquee.png",
            "image_height": 256,
            "link": "shopify:\/\/collections"
          }
        },
        "marquee_Ugzntr": {
          "type": "marquee",
          "settings": {
            "type_marquee": "image",
            "text": "",
            "set_transparent_text": false,
            "enable_color_underline": false,
            "colors_underline": "#000000",
            "options_colors_underline": "full",
            "image_marquee": "shopify:\/\/shop_images\/home-2-marquee.png",
            "image_height": 256,
            "link": "shopify:\/\/collections"
          }
        },
        "marquee_zpeza8": {
          "type": "marquee",
          "settings": {
            "type_marquee": "image",
            "text": "",
            "set_transparent_text": false,
            "enable_color_underline": false,
            "colors_underline": "#000000",
            "options_colors_underline": "full",
            "image_marquee": "shopify:\/\/shop_images\/home-2-marquee.png",
            "image_height": 256,
            "link": "shopify:\/\/collections"
          }
        }
      },
      "block_order": [
        "0b9bf8fb-4ac7-4b98-8483-079f01d980bc",
        "marquee_wbRJYD",
        "marquee_P48WKV",
        "marquee_Ugzntr",
        "marquee_zpeza8"
      ],
      "settings": {
        "section_width": "full-width",
        "customize_width": 1800,
        "enable_full_width": false,
        "enable_cursor_hover": true,
        "duration_speed": 100,
        "heading_font": "font-heading",
        "heading_size": "xxx-large",
        "type_separating": "none",
        "custom_between": true,
        "carousel_gap": 100,
        "color_scheme": "",
        "use_custom_color": false,
        "colors_text": "#424242",
        "colors_background": "",
        "gradient_background": "linear-gradient(90deg, rgba(246, 238, 227, 1), rgba(223, 244, 247, 1) 100%)",
        "padding_top": 40,
        "padding_bottom": 40,
        "padding_top_mobile": 32,
        "padding_bottom_mobile": 32
      }
    },
    "7e7f181d-cb6c-4b78-b092-1004695fd0ea": {
      "type": "footer-bottom",
      "settings": {
        "section_width": "page-width",
        "customize_width": 1800,
        "text_size": "small",
        "enable_country_selector": false,
        "enable_language_selector": false,
        "payment_enable": true,
        "show_copyright_and_powered": true,
        "show_policy": false,
        "footer_bottom_color": "#666666",
        "footer_bottom_colors_background": "#ffffff",
        "footer_bottom_gradient_background": "",
        "footer_bottom_padding_top": 40,
        "footer_bottom_padding_bottom": 20
      }
    }
  },
  "order": [
    "footer",
    "eccd78cc-48f7-4c86-a24d-f1af5b676f72",
    "7e7f181d-cb6c-4b78-b092-1004695fd0ea"
  ]
}