{
  "name": "t:sections.header.name",
  "type": "header",
  "sections": {
    "header": {
      "type": "header",
      "blocks": {
        "87f8d565-83ad-4293-9399-b59858a4c494": {
          "type": "mega_menu_1",
          "settings": {
            "menu_item": "Shops",
            "section_width": "customized-width",
            "customize_width": 1400,
            "image_1": "shopify:\/\/shop_images\/mega-menu-1-1.jpg",
            "text_image_1": "Beyond templates, Beyond boundaries",
            "link_image_1": "shopify:\/\/collections\/all",
            "image_overlay_opacity": 30,
            "color_overlay_opacity": "#000000"
          }
        },
        "mega_menu_2_pTAM3k": {
          "type": "mega_menu_2",
          "settings": {
            "menu_item": "Theme Demo",
            "section_width": "customized-width",
            "customize_width": 1400,
            "image_1": "shopify:\/\/shop_images\/mega-menu-2-1.jpg",
            "text_image_1": "Your Sample Texts",
            "link_image_1": "",
            "image_2": "shopify:\/\/shop_images\/mega-menu-2-2.jpg",
            "text_image_2": "Your Sample Texts",
            "link_image_2": "",
            "image_3": "shopify:\/\/shop_images\/mega-menu-2-3.jpg",
            "text_image_3": "Your Sample Texts",
            "link_image_3": "",
            "image_4": "shopify:\/\/shop_images\/mega-menu-2-4.jpg",
            "text_image_4": "Your Sample Texts",
            "link_image_4": ""
          }
        },
        "mega_menu_1_kJf9Vd": {
          "type": "mega_menu_1",
          "settings": {
            "menu_item": "Products",
            "section_width": "customized-width",
            "customize_width": 1400,
            "image_1": "shopify:\/\/shop_images\/mega-menu-bag.jpg",
            "text_image_1": "Unleash the extraordinary with CONCEPT",
            "link_image_1": "",
            "image_overlay_opacity": 30,
            "color_overlay_opacity": "#000000"
          }
        }
      },
      "block_order": [
        "87f8d565-83ad-4293-9399-b59858a4c494",
        "mega_menu_2_pTAM3k",
        "mega_menu_1_kJf9Vd"
      ],
      "settings": {
        "section_width": "page-width",
        "customize_width": 1800,
        "type_style": "classic",
        "show_line_separator": true,
        "type_sticky_header": "always",
        "color_scheme": "",
        "text_size": "medium",
        "font_transform": "uppercase",
        "enable_transparent": false,
        "color_opacity_1": 100,
        "text_transparent": "#000000",
        "color_opacity_2": 70,
        "logo": "shopify:\/\/shop_images\/Vector.png",
        "logo_width": 160,
        "logo_position": "top-center-special",
        "logo_alignment_desktop": "start",
        "menu": "main-menu",
        "menu_alignment_desktop": "center",
        "spacing_gap": 40,
        "menu_transform": "capitalize",
        "link_type": "line",
        "use_custom_button": false,
        "use_button_label": "Button label",
        "use_button_link": "",
        "icon_type_style": "default",
        "enable_search": true,
        "enable_account": true,
        "enable_cart": true,
        "enable_wishlist": true,
        "enable_country_selector": true,
        "enable_language_selector": true,
        "function_alignment_desktop": "end",
        "enable_search_mobile": true,
        "enable_account_mobile": true,
        "enable_cart_mobile": true,
        "enable_wishlist_mobile": true,
        "enable_country_selector_mobile": true,
        "enable_language_selector_mobile": true,
        "mobile_logo_position": "left",
        "padding_top": 28,
        "padding_bottom": 28
      }
    }
  },
  "order": [
    "header"
  ]
}