{
  "sections": {
    "d99fe13d-22d6-41d5-a962-d5f9c8baa498": {
      "type": "slideshow",
      "blocks": {
        "template--16944225616111__d99fe13d-22d6-41d5-a962-d5f9c8baa498-slide-1": {
          "type": "slide",
          "settings": {
            "image": "shopify:\/\/shop_images\/banner-1.jpg",
            "content_max_width": 780,
            "heading_font": "font-body",
            "heading": "DISCOVER YOUR LIFE SELECTION",
            "heading_size": "medium",
            "heading_margin_bottom": 20,
            "subheading": "",
            "subheading_size": "medium",
            "subheading_margin_bottom": 30,
            "box_align": "bottom-center",
            "text_alignment": "center",
            "image_overlay_opacity": 30,
            "color_overlay_opacity": "#000000",
            "primary_button_label": "Discover CONCEPT",
            "primary_button_link": "shopify:\/\/collections\/all",
            "secondary_button_label": "",
            "secondary_button_link": "",
            "button_transparent": "default",
            "button_spacing_between": 10,
            "buttons_direction": "horizontal",
            "padding_top_bottom": 0,
            "padding_left_right": 0
          }
        },
        "template--16944225616111__d99fe13d-22d6-41d5-a962-d5f9c8baa498-slide-2": {
          "type": "slide",
          "settings": {
            "image": "shopify:\/\/shop_images\/Banner-2.jpg",
            "content_max_width": 780,
            "heading_font": "font-body",
            "heading": "EXPLORE YOUR STYLISH COMPANION",
            "heading_size": "medium",
            "heading_margin_bottom": 20,
            "subheading": "",
            "subheading_size": "medium",
            "subheading_margin_bottom": 30,
            "box_align": "bottom-center",
            "text_alignment": "center",
            "image_overlay_opacity": 30,
            "color_overlay_opacity": "#000000",
            "primary_button_label": "Discover CONCEPT",
            "primary_button_link": "shopify:\/\/collections\/all",
            "secondary_button_label": "",
            "secondary_button_link": "",
            "button_transparent": "default",
            "button_spacing_between": 10,
            "buttons_direction": "horizontal",
            "padding_top_bottom": 0,
            "padding_left_right": 0
          }
        },
        "aeae55f2-d592-44c2-81a2-3cb08785c15c": {
          "type": "slide",
          "settings": {
            "image": "shopify:\/\/shop_images\/banner-3_66e2a888-75de-4861-98c8-06d2870a19c1.jpg",
            "content_max_width": 780,
            "heading_font": "font-body",
            "heading": "THE BAG VAULT - UNVEIL YOUR FASHION",
            "heading_size": "medium",
            "heading_margin_bottom": 20,
            "subheading": "",
            "subheading_size": "medium",
            "subheading_margin_bottom": 30,
            "box_align": "bottom-center",
            "text_alignment": "center",
            "image_overlay_opacity": 30,
            "color_overlay_opacity": "#000000",
            "primary_button_label": "Discover CONCEPT",
            "primary_button_link": "shopify:\/\/collections",
            "secondary_button_label": "",
            "secondary_button_link": "",
            "button_transparent": "default",
            "button_spacing_between": 10,
            "buttons_direction": "horizontal",
            "padding_top_bottom": 0,
            "padding_left_right": 0
          }
        }
      },
      "block_order": [
        "template--16944225616111__d99fe13d-22d6-41d5-a962-d5f9c8baa498-slide-1",
        "template--16944225616111__d99fe13d-22d6-41d5-a962-d5f9c8baa498-slide-2",
        "aeae55f2-d592-44c2-81a2-3cb08785c15c"
      ],
      "settings": {
        "section_width": "page-width",
        "customize_width": 1800,
        "image_ratio": "adapt-image",
        "image_ratio_mobile": "550px",
        "color_scheme": "scheme-3bc955e8-1553-49ce-a8e6-8e4f75826bc6",
        "arrows_type": "none",
        "arrows_position": "middle-center",
        "carousel_infinite_scroll": true,
        "enable_autoplay": false,
        "color_autoplay": "#ffffff",
        "change_slides_speed": 5,
        "enable_pagination_type": "all",
        "pagination_type": "dots",
        "image_behavior": "none",
        "accessibility_info": "Slideshow about our brand"
      }
    },
    "96969221-5f87-4ff7-a6d7-e758edaedbbb": {
      "type": "collection-banner",
      "blocks": {
        "eb39083f-bd61-407d-a8da-a8c00c049607": {
          "type": "collection",
          "settings": {
            "collection": "mini-bag"
          }
        },
        "collection_dWaQQi": {
          "type": "collection",
          "settings": {
            "collection": "top-case"
          }
        },
        "e88d639e-6098-420c-877a-7dc34c26ee81": {
          "type": "collection",
          "settings": {
            "collection": "bucket"
          }
        },
        "bedb716d-e911-4594-999a-1ad970bd6be7": {
          "type": "collection",
          "settings": {
            "collection": "pochette"
          }
        },
        "44a4c244-b7f8-4cd4-94a8-778bdb6338b1": {
          "type": "collection",
          "settings": {
            "collection": "handbag"
          }
        },
        "collection_BfiyPG": {
          "type": "collection",
          "settings": {
            "collection": "belt-shopping-bage"
          }
        },
        "4f2614ce-02f1-4f07-ba24-5ea422a79fe4": {
          "type": "collection",
          "settings": {
            "collection": "shoulder-bag"
          }
        },
        "6250b419-a29a-44f6-9735-b42c04f7a021": {
          "type": "collection",
          "settings": {
            "collection": "backpack"
          }
        },
        "527718a0-97b2-421d-afca-14c148bcaa45": {
          "type": "collection",
          "settings": {
            "collection": "wallets"
          }
        }
      },
      "block_order": [
        "eb39083f-bd61-407d-a8da-a8c00c049607",
        "collection_dWaQQi",
        "e88d639e-6098-420c-877a-7dc34c26ee81",
        "bedb716d-e911-4594-999a-1ad970bd6be7",
        "44a4c244-b7f8-4cd4-94a8-778bdb6338b1",
        "collection_BfiyPG",
        "4f2614ce-02f1-4f07-ba24-5ea422a79fe4",
        "6250b419-a29a-44f6-9735-b42c04f7a021",
        "527718a0-97b2-421d-afca-14c148bcaa45"
      ],
      "settings": {
        "type_style": "thumbnails",
        "section_width": "page-width",
        "customize_width": 1800,
        "heading": "Sellect Your Product",
        "heading_size": "x-large",
        "heading_font": "font-body",
        "text": "",
        "text_size": "medium",
        "heading_margin_bottom": 20,
        "text_alignment": "center",
        "button_label": "",
        "button_transparent": "default",
        "button_link": "shopify:\/\/collections\/all",
        "link_size": "large",
        "color_scheme": "accent-2",
        "padding_top": 100,
        "padding_bottom": 100,
        "padding_top_mobile": 40,
        "padding_bottom_mobile": 40
      }
    },
    "83d2b53d-ddf0-4e8c-91fc-2cec95d149a1": {
      "type": "featured-collection",
      "blocks": {
        "bd74a2c3-98a6-4bb5-aed1-82a74be1a0ef": {
          "type": "heading",
          "settings": {
            "heading": "MUST HAVE",
            "heading_size": "default",
            "label_view_all": "",
            "show_view_all": "none",
            "text_view_all": "",
            "text_view_all_size": "medium",
            "text_alignment": "center",
            "padding_top": 0,
            "padding_bottom": 60
          }
        }
      },
      "block_order": [
        "bd74a2c3-98a6-4bb5-aed1-82a74be1a0ef"
      ],
      "settings": {
        "section_width": "page-width",
        "customize_width": 1800,
        "show_line_separator_top": false,
        "show_line_separator_bottom": false,
        "collection": "",
        "product_list": [
          "ladies-bag-medea",
          "oaster-mini-handbag",
          "the-nano-montreal-straigh",
          "ladies-bag-medea-1",
          "irene-handbag"
        ],
        "products_to_show": 5,
        "carousel_number": 3.3,
        "carousel_number_tablet": 1.3,
        "carousel_number_mobile": "1",
        "spacing_desktop": 10,
        "spacing_tablet": 10,
        "spacing_mobile": 10,
        "arrows_type": "lg",
        "carousel_infinite_scroll": false,
        "enable_pagination_type": "all",
        "pagination_type": "none",
        "color_scheme": "scheme-f6e2df88-17f5-487f-8634-3f429dd0cfdd",
        "use_background_gradient": false,
        "colors_background_special": "",
        "gradient_background_special": "linear-gradient(215deg, rgba(248, 208, 218, 0.45) 34.38%, rgba(195, 236, 252, 0.45) 73.44%)",
        "text_animation": "none",
        "padding_top": 60,
        "padding_bottom": 100,
        "padding_top_mobile": 30,
        "padding_bottom_mobile": 50
      }
    },
    "2571d9f2-6de5-4dc9-83e5-67aded1cb439": {
      "type": "marquee",
      "blocks": {
        "template--16952277696751__2571d9f2-6de5-4dc9-83e5-67aded1cb439-marquee-1": {
          "type": "marquee",
          "settings": {
            "type_marquee": "text",
            "text": "<p>WRITE YOUR STORY AND SHARE IT<\/p>",
            "set_transparent_text": true,
            "enable_color_underline": false,
            "colors_underline": "#000000",
            "options_colors_underline": "full",
            "image_height": 152,
            "link": ""
          }
        },
        "template--16952277696751__2571d9f2-6de5-4dc9-83e5-67aded1cb439-marquee-2": {
          "type": "marquee",
          "settings": {
            "type_marquee": "text",
            "text": "<p>WRITE YOUR STORY AND SHARE IT<\/p>",
            "set_transparent_text": false,
            "enable_color_underline": false,
            "colors_underline": "#000000",
            "options_colors_underline": "full",
            "image_height": 152,
            "link": ""
          }
        }
      },
      "block_order": [
        "template--16952277696751__2571d9f2-6de5-4dc9-83e5-67aded1cb439-marquee-1",
        "template--16952277696751__2571d9f2-6de5-4dc9-83e5-67aded1cb439-marquee-2"
      ],
      "settings": {
        "section_width": "full-width",
        "customize_width": 1800,
        "enable_full_width": false,
        "enable_cursor_hover": true,
        "duration_speed": 100,
        "heading_font": "font-heading",
        "heading_size": "x-large",
        "type_separating": "none",
        "custom_between": true,
        "carousel_gap": 50,
        "color_scheme": "",
        "use_custom_color": true,
        "colors_text": "#424242",
        "colors_background": "#f7efeb",
        "gradient_background": "",
        "padding_top": 48,
        "padding_bottom": 44,
        "padding_top_mobile": 23,
        "padding_bottom_mobile": 23
      }
    },
    "022f14e9-9851-4ff8-b734-d126518fc494": {
      "type": "multicolumn",
      "blocks": {
        "template--16944249667823__022f14e9-9851-4ff8-b734-d126518fc494-column-1": {
          "type": "column",
          "settings": {
            "block_content_max_w": "customize",
            "custom_content_max_w": 400,
            "set_border": false,
            "image": "shopify:\/\/shop_images\/mini-bag-1.jpg",
            "content_position": "center",
            "subheading": "",
            "subheading_size": "medium",
            "heading": "Shop Mini Bag",
            "heading_size": "medium",
            "text": "",
            "text_size": "medium",
            "button_type": "standard",
            "button_label": "Discover Mini Bag",
            "button_link": "shopify:\/\/collections\/all"
          }
        },
        "template--16944249667823__022f14e9-9851-4ff8-b734-d126518fc494-column-2": {
          "type": "column",
          "settings": {
            "block_content_max_w": "customize",
            "custom_content_max_w": 400,
            "set_border": false,
            "image": "shopify:\/\/shop_images\/mini-bag-2.jpg",
            "content_position": "center",
            "subheading": "",
            "subheading_size": "medium",
            "heading": "Shop Mini Bag",
            "heading_size": "medium",
            "text": "",
            "text_size": "medium",
            "button_type": "standard",
            "button_label": "Discover Mini Bag",
            "button_link": "shopify:\/\/collections\/all"
          }
        },
        "template--16944249667823__022f14e9-9851-4ff8-b734-d126518fc494-column-3": {
          "type": "column",
          "settings": {
            "block_content_max_w": "customize",
            "custom_content_max_w": 400,
            "set_border": false,
            "image": "shopify:\/\/shop_images\/mini-bag-4.jpg",
            "content_position": "center",
            "subheading": "",
            "subheading_size": "medium",
            "heading": "Shop Mini Bag",
            "heading_size": "medium",
            "text": "",
            "text_size": "medium",
            "button_type": "standard",
            "button_label": "Discover Mini Bag",
            "button_link": "shopify:\/\/collections\/all"
          }
        }
      },
      "block_order": [
        "template--16944249667823__022f14e9-9851-4ff8-b734-d126518fc494-column-1",
        "template--16944249667823__022f14e9-9851-4ff8-b734-d126518fc494-column-2",
        "template--16944249667823__022f14e9-9851-4ff8-b734-d126518fc494-column-3"
      ],
      "settings": {
        "content_inside_image": true,
        "heading": "WHAT’S NEWS",
        "link_label": "",
        "link": "",
        "image_ratio": "adapt",
        "text_alignment": "center",
        "button_transparent": "default",
        "color_scheme": "accent-1",
        "use_custom_color": false,
        "colors_text": "#424242",
        "colors_background": "",
        "gradient_background": "linear-gradient(90deg, rgba(246, 238, 227, 1), rgba(223, 244, 247, 1) 100%)",
        "carousel_gap": 9,
        "carousel_gap_tablet": 10,
        "carousel_gap_mobile": 10,
        "carousel_number": 3,
        "carousel_number_tablet": 1,
        "carousel_number_mobile": "1",
        "arrows_type": "none",
        "carousel_infinite_scroll": true,
        "enable_pagination_type": "all",
        "pagination_type": "none",
        "image_animation": "none",
        "text_animation": "none",
        "margin_top": 0,
        "margin_bottom": 0,
        "padding_top": 100,
        "padding_bottom": 50,
        "padding_top_mobile": 50,
        "padding_bottom_mobile": 30
      }
    },
    "38fbae53-170a-48b4-8e67-aa8c5b7f6732": {
      "type": "image-with-collection",
      "settings": {
        "section_width": "customized-width",
        "customize_width": 1750,
        "heading": "BEST SELLERS",
        "heading_size": "default",
        "heading_margin_bottom": 60,
        "text_alignment": "center",
        "image": "shopify:\/\/shop_images\/Layer_753.jpg",
        "collection": "",
        "product_list": [
          "ladies-bag-medea-2",
          "ladies-bag-medea-3",
          "shukla-antique-handbag",
          "irene-handbag"
        ],
        "products_to_show": 5,
        "carousel_number": 2,
        "carousel_number_tablet": 1.3,
        "carousel_number_mobile": "1",
        "arrows_type": "none",
        "carousel_infinite_scroll": false,
        "enable_pagination_type": "all",
        "pagination_type": "dots",
        "color_scheme": "scheme-f6e2df88-17f5-487f-8634-3f429dd0cfdd",
        "use_background_gradient": false,
        "colors_background_special": "",
        "gradient_background_special": "linear-gradient(215deg, rgba(248, 208, 218, 0.45) 34.38%, rgba(195, 236, 252, 0.45) 73.44%)",
        "image_animation": "zoom-in",
        "image_behavior": "zoom-in",
        "padding_top": 50,
        "padding_bottom": 80,
        "padding_top_mobile": 30,
        "padding_bottom_mobile": 10
      }
    },
    "de581e05-8e31-41cf-9d2b-e0b2a4f77e2b": {
      "type": "collection-banner",
      "blocks": {
        "template--16944249667823__de581e05-8e31-41cf-9d2b-e0b2a4f77e2b-collection-1": {
          "type": "collection",
          "settings": {
            "collection": "mini-bag"
          }
        },
        "template--16944249667823__de581e05-8e31-41cf-9d2b-e0b2a4f77e2b-collection-2": {
          "type": "collection",
          "settings": {
            "collection": "shoulder-strap"
          }
        },
        "3bf1e59b-2540-46b4-aab8-afc74e5482cf": {
          "type": "collection",
          "settings": {
            "collection": "bucket"
          }
        },
        "template--16944249667823__de581e05-8e31-41cf-9d2b-e0b2a4f77e2b-collection-3": {
          "type": "collection",
          "settings": {
            "collection": "pochette"
          }
        },
        "ec2680fa-4e7e-4431-b2b2-b825db1851b2": {
          "type": "collection",
          "settings": {
            "collection": "handbag"
          }
        },
        "88dbd0a7-8b99-41f9-b74c-e8cb0e8707b5": {
          "type": "collection",
          "settings": {
            "collection": "shoulder-bag"
          }
        },
        "f7d4cc94-525e-401e-a84c-ec1dc7d1cf01": {
          "type": "collection",
          "settings": {
            "collection": "backpack"
          }
        }
      },
      "block_order": [
        "template--16944249667823__de581e05-8e31-41cf-9d2b-e0b2a4f77e2b-collection-1",
        "template--16944249667823__de581e05-8e31-41cf-9d2b-e0b2a4f77e2b-collection-2",
        "3bf1e59b-2540-46b4-aab8-afc74e5482cf",
        "template--16944249667823__de581e05-8e31-41cf-9d2b-e0b2a4f77e2b-collection-3",
        "ec2680fa-4e7e-4431-b2b2-b825db1851b2",
        "88dbd0a7-8b99-41f9-b74c-e8cb0e8707b5",
        "f7d4cc94-525e-401e-a84c-ec1dc7d1cf01"
      ],
      "settings": {
        "type_style": "banner",
        "section_width": "page-width",
        "customize_width": 1800,
        "heading": "COLLECTIONS",
        "heading_size": "default",
        "heading_font": "font-heading",
        "text": "<p>Nullam nulla eros, ultricies sit amet, nonummy id, imperdiet feugiat, pede. Sed lectus.<\/p>",
        "text_size": "x-large",
        "heading_margin_bottom": 60,
        "text_alignment": "center",
        "button_label": "Discover All Collection",
        "button_transparent": "default",
        "button_link": "shopify:\/\/collections\/all",
        "link_size": "large",
        "color_scheme": "background-2",
        "padding_top": 40,
        "padding_bottom": 60,
        "padding_top_mobile": 20,
        "padding_bottom_mobile": 30
      }
    },
    "8ac078b9-0a72-4e0b-a438-953b6e50dc1e": {
      "type": "quotes",
      "blocks": {
        "template--16944225616111__8ac078b9-0a72-4e0b-a438-953b6e50dc1e-slide-1": {
          "type": "slide",
          "settings": {
            "block_content_max_w": "customize",
            "custom_content_max_w": 910,
            "text": "",
            "heading_font": "font-heading",
            "text_size": "text-body",
            "text_margin_bottom": 16,
            "use_custom_size_avatar": false,
            "custom_size_avatar": 40,
            "info": "<p><em>“I wear this blush everyday. I tend to build it up to the most perfect sunkissed cheeks. It also blends down to a powder, which means no tackiness for your hair to get stuck to! It's honestly a  staple in my everyday look now.”<\/em><\/p>",
            "info_size": "x-small",
            "rating": "0",
            "text_alignment": "center",
            "time": "",
            "colors_background": ""
          }
        }
      },
      "block_order": [
        "template--16944225616111__8ac078b9-0a72-4e0b-a438-953b6e50dc1e-slide-1"
      ],
      "settings": {
        "type_style": "classic",
        "section_width": "page-width",
        "customize_width": 1800,
        "arrows_type": "all",
        "carousel_infinite_scroll": true,
        "enable_autoplay": false,
        "change_slides_speed": 5,
        "enable_pagination_type": "all",
        "pagination_type": "dots",
        "pagination_spacing_top": 50,
        "color_scheme": "",
        "use_custom_color": false,
        "colors_text": "#424242",
        "colors_background": "",
        "gradient_background": "linear-gradient(90deg, rgba(246, 238, 227, 1), rgba(223, 244, 247, 1) 100%)",
        "padding_top": 53,
        "padding_bottom": 0,
        "padding_top_mobile": 40,
        "padding_bottom_mobile": 0
      }
    },
    "153fe1e2-96a3-4180-9b65-d7889b57a881": {
      "type": "brand-list",
      "blocks": {
        "template--16944225616111__153fe1e2-96a3-4180-9b65-d7889b57a881-brand-1": {
          "type": "brand",
          "settings": {
            "image": "shopify:\/\/shop_images\/brand-1.png",
            "link": "shopify:\/\/collections\/all"
          }
        },
        "template--16944225616111__153fe1e2-96a3-4180-9b65-d7889b57a881-brand-5": {
          "type": "brand",
          "settings": {
            "image": "shopify:\/\/shop_images\/brand-2.png",
            "link": "shopify:\/\/collections\/all"
          }
        },
        "f9a9fb1e-07fe-4b7f-bc2c-fdeab01ad55e": {
          "type": "brand",
          "settings": {
            "image": "shopify:\/\/shop_images\/brand-3.png",
            "link": "shopify:\/\/collections\/all"
          }
        }
      },
      "block_order": [
        "template--16944225616111__153fe1e2-96a3-4180-9b65-d7889b57a881-brand-1",
        "template--16944225616111__153fe1e2-96a3-4180-9b65-d7889b57a881-brand-5",
        "f9a9fb1e-07fe-4b7f-bc2c-fdeab01ad55e"
      ],
      "settings": {
        "section_width": "customized-width",
        "customize_width": 1000,
        "title": "",
        "title_size": "medium",
        "colors_title": "#666666",
        "content": "",
        "content_size": "default",
        "content_margin_bottom": 100,
        "text_view_all": "",
        "primary_text_link": "",
        "button_transparent": "transparent",
        "button_margin_top": 38,
        "type_display": "carousel",
        "enable_pagination_type": "all",
        "pagination_type": "dots",
        "pagination_spacing_top": 50,
        "carousel_number": 3,
        "carousel_number_tablet": 3,
        "carousel_number_mobile": 1,
        "color_scheme": "",
        "use_custom_color": false,
        "colors_background": "",
        "gradient_background": "linear-gradient(90deg, rgba(246, 238, 227, 1), rgba(223, 244, 247, 1) 100%)",
        "image_animation": "none",
        "padding_top": 80,
        "padding_bottom": 100,
        "padding_top_mobile": 30,
        "padding_bottom_mobile": 60
      }
    },
    "1f879254-9945-4525-9064-f018a173fa61": {
      "type": "newsletter",
      "blocks": {
        "template--16944225616111__1f879254-9945-4525-9064-f018a173fa61-heading-1": {
          "type": "heading",
          "settings": {
            "show_line_separator_top": false,
            "heading": "NEWSLETTER",
            "heading_size": "large",
            "heading_margin_bottom": 0,
            "description": "",
            "description_size": "medium",
            "text_margin_bottom": 0,
            "text_link": "",
            "primary_text_link": "",
            "padding_top": 0,
            "padding_bottom": 10
          }
        },
        "template--16944225616111__1f879254-9945-4525-9064-f018a173fa61-email_form-1": {
          "type": "email_form",
          "settings": {
            "description": "<p>By clicking the Subcribe button, you represent that you agree to our  info protection laws and regulations.<\/p>",
            "description_size": "large",
            "text": "",
            "button_transparent": "default",
            "show_email": true,
            "padding_top": 10,
            "padding_bottom": 0
          }
        }
      },
      "block_order": [
        "template--16944225616111__1f879254-9945-4525-9064-f018a173fa61-heading-1",
        "template--16944225616111__1f879254-9945-4525-9064-f018a173fa61-email_form-1"
      ],
      "settings": {
        "type_style": "modern",
        "section_width": "customized-width",
        "customize_width": 1550,
        "custom_rouded": false,
        "custom_block_rouded": 0,
        "image": "shopify:\/\/shop_images\/NEWSLETTER.jpg",
        "full_width": true,
        "text_alignment": "left",
        "text_alignment_mobile": "center",
        "use_custom_colors_background_content": true,
        "colors_background_content": "#ffffff",
        "color_scheme": "background-1",
        "use_custom_color": false,
        "colors_text": "#424242",
        "colors_background": "#f6eee3",
        "gradient_background": "",
        "padding_top": 300,
        "padding_bottom": 160,
        "padding_top_mobile": 100,
        "padding_bottom_mobile": 100
      }
    },
    "6a82d937-241e-4654-addf-6253280f95e1": {
      "type": "icon-with-text",
      "blocks": {
        "template--16944225616111__6a82d937-241e-4654-addf-6253280f95e1-item-1": {
          "type": "item",
          "settings": {
            "icon": "box_2",
            "enable_custom_size_icon": true,
            "custom_size_icon": 32,
            "custom_icon_background": "",
            "heading": "FREE SHIPPING & SERVICE FEE",
            "text": "<p>ON ALL ORDER OVER $250 & ORDER IN USA<\/p>",
            "link_label": "",
            "link": ""
          }
        },
        "template--16944225616111__6a82d937-241e-4654-addf-6253280f95e1-item-2": {
          "type": "item",
          "settings": {
            "icon": "tax",
            "enable_custom_size_icon": true,
            "custom_size_icon": 32,
            "custom_icon_background": "",
            "heading": "DUTIES AND TAXES MAY VARY",
            "text": "<p>EXTRA CHARGES MAY APPLY OUTSIDE OF U.S.<\/p>",
            "link_label": "",
            "link": ""
          }
        },
        "template--16944225616111__6a82d937-241e-4654-addf-6253280f95e1-item-4": {
          "type": "item",
          "settings": {
            "icon": "chat_bubble_2",
            "enable_custom_size_icon": true,
            "custom_size_icon": 32,
            "custom_icon_background": "",
            "heading": "HERE FOR YOU",
            "text": "<p><a href=\"\/collections\" title=\"All collections\">CHAT US<\/a> \/ EMAIL US AT <a href=\"\/blogs\/blog\" title=\"Blog\">EXAMPLE@GMAIL.COM<\/a><\/p>",
            "link_label": "",
            "link": "shopify:\/\/products\/116-wide-symmetrical-modular-sofa-chaise"
          }
        }
      },
      "block_order": [
        "template--16944225616111__6a82d937-241e-4654-addf-6253280f95e1-item-1",
        "template--16944225616111__6a82d937-241e-4654-addf-6253280f95e1-item-2",
        "template--16944225616111__6a82d937-241e-4654-addf-6253280f95e1-item-4"
      ],
      "settings": {
        "type_style": "classic",
        "section_width": "customized-width",
        "customize_width": 1800,
        "heading": "",
        "heading_size": "default",
        "text": "",
        "text_margin_top": 16,
        "text_alignment": "center",
        "margin_bottom": 60,
        "blocks_heading_font": "font-body",
        "blocks_heading_size": "large",
        "blocks_text_size": "large",
        "color_scheme": "",
        "use_custom_color": false,
        "colors_text": "#424242",
        "colors_background": "",
        "gradient_background": "linear-gradient(90deg, rgba(246, 238, 227, 1), rgba(223, 244, 247, 1) 100%)",
        "layout": "vertical",
        "enable_background_icon": true,
        "type_vertical": "grid",
        "arrows_type": "all",
        "text_animation": "none",
        "padding_top": 100,
        "padding_bottom": 59,
        "padding_top_mobile": 32,
        "padding_bottom_mobile": 32
      }
    }
  },
  "order": [
    "d99fe13d-22d6-41d5-a962-d5f9c8baa498",
    "96969221-5f87-4ff7-a6d7-e758edaedbbb",
    "83d2b53d-ddf0-4e8c-91fc-2cec95d149a1",
    "2571d9f2-6de5-4dc9-83e5-67aded1cb439",
    "022f14e9-9851-4ff8-b734-d126518fc494",
    "38fbae53-170a-48b4-8e67-aa8c5b7f6732",
    "de581e05-8e31-41cf-9d2b-e0b2a4f77e2b",
    "8ac078b9-0a72-4e0b-a438-953b6e50dc1e",
    "153fe1e2-96a3-4180-9b65-d7889b57a881",
    "1f879254-9945-4525-9064-f018a173fa61",
    "6a82d937-241e-4654-addf-6253280f95e1"
  ]
}