{
  "name": "t:sections.footer.name",
  "type": "footer",
  "sections": {
    "footer": {
      "type": "footer",
      "blocks": {
        "footer-2": {
          "type": "text",
          "settings": {
            "heading": "",
            "heading_font": "f-bold",
            "subtext": "<p>Email:sales@halothemes.com<\/p><p>Phone: +1-(123)-456-CONCEPT<\/p><p>685 Market Street,<\/p><p>San Francisco, CA 94105<\/p><p><\/p>",
            "subtext_size": "large",
            "image": "shopify:\/\/shop_images\/concept_1.png",
            "image_width": 175,
            "show_social": true,
            "social_media_colors_text": "#2d2d2d",
            "social_media_colors_background": "",
            "social_media_gradient_background": "",
            "margin_bottom": 26,
            "margin_bottom_xs": 30
          }
        },
        "footer-0": {
          "type": "link_list",
          "settings": {
            "heading": "SHOP",
            "heading_font": "f-bold",
            "menu": "categories-blog-page",
            "custom_separator_color": true,
            "separator_color": "rgba(0,0,0,0)",
            "padding_bottom_xs": 15,
            "padding_top_xs": 15
          }
        },
        "footer-1": {
          "type": "link_list",
          "settings": {
            "heading": "FURTHER INFO",
            "heading_font": "f-bold",
            "menu": "further-info",
            "custom_separator_color": true,
            "separator_color": "rgba(0,0,0,0)",
            "padding_bottom_xs": 15,
            "padding_top_xs": 15
          }
        },
        "24d4b3c1-dce3-4fd9-b167-41df16cdea48": {
          "type": "link_list",
          "settings": {
            "heading": "CUSTOMER SERVICE",
            "heading_font": "f-bold",
            "menu": "customer-service",
            "custom_separator_color": true,
            "separator_color": "rgba(0,0,0,0)",
            "padding_bottom_xs": 15,
            "padding_top_xs": 15
          }
        }
      },
      "block_order": [
        "footer-2",
        "footer-0",
        "footer-1",
        "24d4b3c1-dce3-4fd9-b167-41df16cdea48"
      ],
      "settings": {
        "type_style": "modern",
        "section_width": "page-width",
        "customize_width": 1800,
        "margin_top": 0,
        "heading_size": "x-large",
        "heading_typography": "font-heading",
        "text_size": "small",
        "text_typography": "font-body",
        "link_row_gap": 15,
        "show_line_separator": false,
        "footer_top_padding_top": 80,
        "footer_top_padding_bottom": 46,
        "footer_top_padding_top_mobile": 40,
        "footer_top_padding_bottom_mobile": 54,
        "footer_top_color_scheme": "scheme-c6765912-339f-40d9-8f5f-71a2f9e065ce",
        "footer_bot_show_line_separator": true,
        "footer_bottom_padding_top": 27,
        "footer_bottom_padding_bottom": 20,
        "footer_bottom_padding_top_mobile": 10,
        "footer_bottom_padding_bottom_mobile": 10,
        "footer_bottom_color_scheme": "scheme-c6765912-339f-40d9-8f5f-71a2f9e065ce",
        "bottom_text_size": "small",
        "enable_country_selector": false,
        "enable_language_selector": false,
        "payment_enable": true,
        "show_copyright_and_powered": true,
        "show_policy": false,
        "show_social": false,
        "social_media_colors_text": "#2d2d2d",
        "social_media_colors_background": "",
        "social_media_gradient_background": ""
      }
    }
  },
  "order": [
    "footer"
  ]
}