{
  "name": "t:sections.header.name",
  "type": "header",
  "sections": {
    "82aca1ab-514e-4630-ad02-5f9aaddb0e11": {
      "type": "announcement-bar",
      "blocks": {
        "sections--16931637362927__82aca1ab-514e-4630-ad02-5f9aaddb0e11-announcement-1": {
          "type": "announcement",
          "settings": {
            "logo": "shopify:\/\/shop_images\/Beauty_insider.png",
            "logo_width": 90,
            "text": "<p>Free shipping orders over $99.   SHOP NOW!<\/p>"
          }
        },
        "d0ceca7f-cda5-490a-8a52-93b5e906a193": {
          "type": "announcement",
          "settings": {
            "logo": "shopify:\/\/shop_images\/Beauty_insider.png",
            "logo_width": 90,
            "text": "<p>Sale up to 50% off on selected items.   <a href=\"\/collections\/unleash-your-beauty-with-laoriv-cosmetics\" title=\"Unleash Your Beauty with LAORIV Cosmetics\">SHOP NOW!<\/a><\/p>"
          }
        }
      },
      "block_order": [
        "sections--16931637362927__82aca1ab-514e-4630-ad02-5f9aaddb0e11-announcement-1",
        "d0ceca7f-cda5-490a-8a52-93b5e906a193"
      ],
      "settings": {
        "text_size": "small",
        "enable_autoplay": true,
        "change_slides_speed": 5,
        "enable_link_tablet_mobile": false,
        "label_link": "Beauty",
        "link": "shopify:\/\/collections\/collection-10",
        "label_link_2": "Skincare",
        "link_2": "shopify:\/\/collections\/cosmetic",
        "color_scheme": "scheme-4cb2f9cc-c67d-4ccc-9728-beb9d5d7beee",
        "padding_top": 8,
        "padding_bottom": 9,
        "padding_top_mobile": 10,
        "padding_bottom_mobile": 10
      }
    },
    "header": {
      "type": "header",
      "blocks": {
        "mega_menu_1_6MYwF8": {
          "type": "mega_menu_1",
          "settings": {
            "menu_item": "Shops",
            "section_width": "page-width",
            "customize_width": 1400,
            "image_1": "shopify:\/\/shop_images\/mega-menu-luxe-6.jpg",
            "text_image_1": "Beyond templates Beyond boundaries",
            "link_image_1": "",
            "image_overlay_opacity": 30,
            "color_overlay_opacity": "#000000"
          }
        },
        "mega_menu_2_HrRjYD": {
          "type": "mega_menu_2",
          "settings": {
            "menu_item": "Theme Demo",
            "section_width": "page-width",
            "customize_width": 1400,
            "image_1": "shopify:\/\/shop_images\/mega-menu-luxe-1.jpg",
            "text_image_1": "Your Sample Text",
            "link_image_1": "",
            "image_2": "shopify:\/\/shop_images\/mega-menu-luxe-2.jpg",
            "text_image_2": "Your Sample Text",
            "link_image_2": "",
            "image_3": "shopify:\/\/shop_images\/mega-menu-luxe-3.jpg",
            "text_image_3": "Your Sample Text",
            "link_image_3": "",
            "image_4": "shopify:\/\/shop_images\/mega-menu-luxe-4.jpg",
            "text_image_4": "Your Sample Text",
            "link_image_4": ""
          }
        },
        "mega_menu_1_UzPD6g": {
          "type": "mega_menu_1",
          "settings": {
            "menu_item": "Products",
            "section_width": "page-width",
            "customize_width": 1400,
            "image_1": "shopify:\/\/shop_images\/mega-menu-luxe-5.jpg",
            "text_image_1": "Unleash the extraordinary",
            "link_image_1": "",
            "image_overlay_opacity": 30,
            "color_overlay_opacity": "#000000"
          }
        }
      },
      "block_order": [
        "mega_menu_1_6MYwF8",
        "mega_menu_2_HrRjYD",
        "mega_menu_1_UzPD6g"
      ],
      "settings": {
        "section_width": "page-width",
        "customize_width": 1800,
        "type_style": "classic",
        "show_line_separator": true,
        "type_sticky_header": "scroll-up",
        "color_scheme": "",
        "text_size": "medium",
        "font_transform": "capitalize",
        "enable_transparent": true,
        "logo_transparent": "shopify:\/\/shop_images\/concept_1.png",
        "color_opacity_1": 100,
        "text_transparent": "#000000",
        "color_opacity_2": 70,
        "logo": "shopify:\/\/shop_images\/concept_1.png",
        "logo_width": 160,
        "logo_position": "middle-right",
        "logo_alignment_desktop": "end",
        "menu": "main-menu",
        "menu_alignment_desktop": "left",
        "spacing_gap": 20,
        "menu_transform": "capitalize",
        "link_type": "line",
        "use_custom_button": false,
        "use_button_label": "Button label",
        "use_button_link": "",
        "icon_type_style": "modern",
        "enable_search": false,
        "enable_account": false,
        "enable_cart": false,
        "enable_wishlist": false,
        "enable_country_selector": false,
        "enable_language_selector": false,
        "function_alignment_desktop": "start",
        "enable_search_mobile": true,
        "enable_account_mobile": true,
        "enable_cart_mobile": true,
        "enable_wishlist_mobile": false,
        "enable_country_selector_mobile": true,
        "enable_language_selector_mobile": true,
        "mobile_logo_position": "left",
        "padding_top": 17,
        "padding_bottom": 17
      }
    }
  },
  "order": [
    "82aca1ab-514e-4630-ad02-5f9aaddb0e11",
    "header"
  ]
}