{
  "sections": {
    "5b46ce0d-720b-401c-963c-b412b005d339": {
      "type": "visual-hightlight",
      "blocks": {
        "template--16937794175215__5b46ce0d-720b-401c-963c-b412b005d339-slide-1": {
          "type": "slide",
          "settings": {
            "type_banner": "half",
            "image_primary": "shopify:\/\/shop_images\/hero-banner-kelly-1.jpg",
            "image_second": "shopify:\/\/shop_images\/hero-banner-kelly-2.jpg",
            "heading": "Beautifully bare collection",
            "heading_size": "x-large",
            "subheading": "New arrivals",
            "subheading_size": "medium",
            "description": "<p>It’s the light weight, natural-looking collection you love<\/p>",
            "description_size": "xx-large",
            "button_style": "transparent",
            "button_label": "Shop the collection",
            "button_link": "shopify:\/\/collections\/collection-08",
            "text_alignment": "left",
            "image_overlay_opacity": 0,
            "color_overlay_opacity": "#000000"
          }
        }
      },
      "block_order": [
        "template--16937794175215__5b46ce0d-720b-401c-963c-b412b005d339-slide-1"
      ],
      "settings": {
        "slide_height": 100,
        "color_scheme": "accent-2",
        "carousel_infinite_scroll": true,
        "enable_autoplay": false,
        "change_slides_speed": 3,
        "enable_pagination_type": "all",
        "pagination_type": "dots",
        "image_behavior": "zoom-in",
        "accessibility_info": "Slideshow about our brand"
      }
    },
    "315f1019-c26c-4c11-80e9-eb0983d611df": {
      "type": "newsletter",
      "blocks": {
        "template--16932190060783__315f1019-c26c-4c11-80e9-eb0983d611df-heading-1": {
          "type": "heading",
          "settings": {
            "show_line_separator_top": false,
            "heading": "Get 10% off on first order",
            "heading_size": "default",
            "heading_margin_bottom": 0,
            "description": "",
            "description_size": "medium",
            "text_margin_bottom": 0,
            "text_link": "",
            "primary_text_link": "",
            "padding_top": 0,
            "padding_bottom": 0
          }
        },
        "template--16932190060783__315f1019-c26c-4c11-80e9-eb0983d611df-email_form-1": {
          "type": "email_form",
          "settings": {
            "description": "",
            "description_size": "medium",
            "text": "Sign up for our newsletter",
            "button_transparent": "transparent",
            "show_email": true,
            "padding_top": 0,
            "padding_bottom": 0
          }
        }
      },
      "block_order": [
        "template--16932190060783__315f1019-c26c-4c11-80e9-eb0983d611df-heading-1",
        "template--16932190060783__315f1019-c26c-4c11-80e9-eb0983d611df-email_form-1"
      ],
      "settings": {
        "type_style": "classic",
        "section_width": "page-width",
        "customize_width": 1800,
        "custom_rouded": false,
        "custom_block_rouded": 0,
        "full_width": true,
        "text_alignment": "left",
        "text_alignment_mobile": "left",
        "use_custom_colors_background_content": false,
        "colors_background_content": "",
        "color_scheme": "",
        "use_custom_color": true,
        "colors_text": "#000000",
        "colors_background": "#fbf2e7",
        "gradient_background": "",
        "padding_top": 80,
        "padding_bottom": 80,
        "padding_top_mobile": 40,
        "padding_bottom_mobile": 40
      }
    },
    "8a716fd2-3c02-4d64-8b51-2922558fdda9": {
      "type": "category-slide",
      "blocks": {
        "2004f4f9-5fb1-4458-9997-5af74705f069": {
          "type": "slide",
          "settings": {
            "heading": "Eyes",
            "description_size": "xx-large",
            "image_first": "shopify:\/\/shop_images\/cate-slide-pic1.jpg",
            "image_second": "shopify:\/\/shop_images\/cate-slide-pic2.jpg",
            "image_third": "shopify:\/\/shop_images\/cate-slide-pic3.jpg"
          }
        },
        "45d00673-3b7b-4ebe-bbc3-0dd143a6f0d7": {
          "type": "slide",
          "settings": {
            "heading": "Lips",
            "description_size": "xx-large",
            "image_first": "shopify:\/\/shop_images\/cate-slide-lip1.jpg",
            "image_second": "shopify:\/\/shop_images\/cate-slide-lip2.jpg",
            "image_third": "shopify:\/\/shop_images\/cate-slide-lip3.jpg"
          }
        },
        "f9c3ce9f-7bba-4ec5-837b-c324ba1081ce": {
          "type": "slide",
          "settings": {
            "heading": "Face",
            "description_size": "xx-large",
            "image_first": "shopify:\/\/shop_images\/cate-slide-face1.jpg",
            "image_second": "shopify:\/\/shop_images\/cate-slide-face2.jpg",
            "image_third": "shopify:\/\/shop_images\/cate-slide-face3.jpg"
          }
        },
        "0b5d6ebc-30ab-4e02-b6b9-ca736e1bb261": {
          "type": "slide",
          "settings": {
            "heading": "Skincare",
            "description_size": "xx-large",
            "image_first": "shopify:\/\/shop_images\/cate-slide-skincare1.jpg",
            "image_second": "shopify:\/\/shop_images\/cate-slide-skincare2.jpg",
            "image_third": "shopify:\/\/shop_images\/cate-slide-skincare3.jpg"
          }
        },
        "078ade79-0118-40f5-96cd-31b851e39811": {
          "type": "slide",
          "settings": {
            "heading": "Brushes",
            "description_size": "xx-large",
            "image_first": "shopify:\/\/shop_images\/cate-slide-brushes1.jpg",
            "image_second": "shopify:\/\/shop_images\/cate-slide-brushes2.jpg",
            "image_third": "shopify:\/\/shop_images\/cate-slide-brushes3.jpg"
          }
        },
        "45506162-8d77-4f81-9125-b6281f53d7e0": {
          "type": "slide",
          "settings": {
            "heading": "Body",
            "description_size": "xx-large",
            "image_first": "shopify:\/\/shop_images\/cate-slide-body1.jpg",
            "image_second": "shopify:\/\/shop_images\/cate-slide-body2.jpg",
            "image_third": "shopify:\/\/shop_images\/cate-slide-body3.jpg"
          }
        }
      },
      "block_order": [
        "2004f4f9-5fb1-4458-9997-5af74705f069",
        "45d00673-3b7b-4ebe-bbc3-0dd143a6f0d7",
        "f9c3ce9f-7bba-4ec5-837b-c324ba1081ce",
        "0b5d6ebc-30ab-4e02-b6b9-ca736e1bb261",
        "078ade79-0118-40f5-96cd-31b851e39811",
        "45506162-8d77-4f81-9125-b6281f53d7e0"
      ],
      "settings": {
        "section_width": "page-width",
        "customize_width": 1800,
        "image_background": "shopify:\/\/shop_images\/bg-cate-slide.jpg",
        "heading": "Shop by category",
        "heading_size": "large",
        "description": "<p>Amplify your glam with high-quality,<\/p><p>Affordable makeup from Kelly Beauty. <\/p>",
        "description_size": "medium",
        "button_style": "transparent",
        "button_label": "View all",
        "button_link": "shopify:\/\/collections\/unleash-your-beauty-with-laoriv-cosmetics",
        "color_scheme": "scheme-c241f903-8491-450e-815f-a6ee9d7c66b6",
        "arrows_type": "sm",
        "carousel_number": 6,
        "carousel_number_tablet": 1,
        "image_behavior": "fixed",
        "padding_top": 80,
        "padding_bottom": 80,
        "padding_top_mobile": 40,
        "padding_bottom_mobile": 40
      }
    },
    "83d2b53d-ddf0-4e8c-91fc-2cec95d149a1": {
      "type": "featured-collection",
      "blocks": {
        "bd74a2c3-98a6-4bb5-aed1-82a74be1a0ef": {
          "type": "heading",
          "settings": {
            "heading": "Latest arrivals",
            "heading_size": "default",
            "label_view_all": "",
            "show_view_all": "link",
            "text_view_all": "",
            "text_view_all_size": "medium",
            "text_alignment": "center",
            "padding_top": 0,
            "padding_bottom": 58
          }
        }
      },
      "block_order": [
        "bd74a2c3-98a6-4bb5-aed1-82a74be1a0ef"
      ],
      "settings": {
        "section_width": "page-width",
        "customize_width": 1800,
        "show_line_separator_top": false,
        "show_line_separator_bottom": false,
        "collection": "",
        "product_list": [
          "lubridern-moisture-hydrating-hand-lotion",
          "revlon-liquid-lipstick",
          "brazilian-blowout-smoothing-cream",
          "essie-salon-quality-nail-piolish"
        ],
        "products_to_show": 4,
        "carousel_number": 3,
        "carousel_number_tablet": 1.8,
        "carousel_number_mobile": "1.5",
        "spacing_desktop": 50,
        "spacing_tablet": 24,
        "spacing_mobile": 20,
        "arrows_type": "lg",
        "carousel_infinite_scroll": true,
        "enable_pagination_type": "all",
        "pagination_type": "progressbar",
        "color_scheme": "accent-2",
        "use_background_gradient": false,
        "colors_background_special": "",
        "gradient_background_special": "linear-gradient(215deg, rgba(248, 208, 218, 0.45) 34.38%, rgba(195, 236, 252, 0.45) 73.44%)",
        "text_animation": "none",
        "padding_top": 60,
        "padding_bottom": 60,
        "padding_top_mobile": 35,
        "padding_bottom_mobile": 15
      }
    },
    "a3441de2-7db2-4c19-8481-55545185fb34": {
      "type": "image-with-text",
      "blocks": {
        "f25feb3b-dc87-44a5-941a-30e49931f63d": {
          "type": "subheading",
          "settings": {
            "subheading": "Diverse variety of",
            "subheading_font_typography": "font-body",
            "subheading_size": "medium",
            "subheading_font": "f-w-600",
            "padding_top": 30,
            "padding_bottom": 0
          }
        },
        "template--16931641983215__a3441de2-7db2-4c19-8481-55545185fb34-heading-1": {
          "type": "heading",
          "settings": {
            "heading": "<p>Skincare from Estée Lauder<\/p>",
            "heading_size": "h0",
            "padding_top": 10,
            "padding_bottom": 10
          }
        },
        "template--16931641983215__a3441de2-7db2-4c19-8481-55545185fb34-text-1": {
          "type": "text",
          "settings": {
            "text": "<p>Discover emerging and trending beauty products.<\/p>",
            "padding_top": 7,
            "padding_bottom": 10
          }
        },
        "a901210d-5953-4d72-80b6-cfc49cff20b6": {
          "type": "navigation",
          "settings": {
            "menu": "menu-navigation",
            "text_size": "xx-large",
            "padding_top": 11,
            "padding_bottom": 11
          }
        },
        "template--16931641983215__a3441de2-7db2-4c19-8481-55545185fb34-link-1": {
          "type": "link",
          "settings": {
            "show_link": true,
            "show_view_all": "button",
            "link_label": "Shop by Estée Lauder",
            "link": "shopify:\/\/collections\/collection-09",
            "button_transparent": "default",
            "show_link_secondary": false,
            "show_view_all_secondary": "link",
            "link_label_secondary": "Link label",
            "link_secondary": "",
            "button_transparent_secondary": "default",
            "color_scheme_link_secondary": "",
            "padding_top": 20,
            "padding_bottom": 30
          }
        }
      },
      "block_order": [
        "f25feb3b-dc87-44a5-941a-30e49931f63d",
        "template--16931641983215__a3441de2-7db2-4c19-8481-55545185fb34-heading-1",
        "template--16931641983215__a3441de2-7db2-4c19-8481-55545185fb34-text-1",
        "a901210d-5953-4d72-80b6-cfc49cff20b6",
        "template--16931641983215__a3441de2-7db2-4c19-8481-55545185fb34-link-1"
      ],
      "settings": {
        "type_style": "special",
        "section_width": "full-width",
        "customize_width": 1800,
        "show_top_line_separator": false,
        "show_bot_line_separator": false,
        "color_scheme": "scheme-e73a3976-e92b-4f6f-8b4d-2a58fb5b1976",
        "image": "shopify:\/\/shop_images\/Image_navigation.jpg",
        "heading": "Makeup Remover",
        "heading_size": "x-large",
        "link_label": "View all Makeup Remover",
        "link": "shopify:\/\/collections",
        "colors_heading": "#ffffff",
        "background_for_image": false,
        "image_colors_background": "",
        "image_gradient_background": "linear-gradient(90deg, rgba(246, 238, 227, 1), rgba(223, 244, 247, 1) 100%)",
        "arrows_type": "all",
        "carousel_infinite_scroll": true,
        "enable_pagination_type": "all",
        "pagination_type": "dashed",
        "background_for_box": false,
        "colors_text": "#424242",
        "colors_background": "",
        "gradient_background": "linear-gradient(90deg, rgba(246, 238, 227, 1), rgba(223, 244, 247, 1) 100%)",
        "layout": "text_first",
        "desktop_content_position": "middle",
        "desktop_content_alignment": "left",
        "layout_mobile": "text_first_mobile",
        "mobile_content_alignment": "left",
        "image_animation": "zoom-out",
        "text_animation": "fade-up",
        "padding_top": 0,
        "padding_bottom": 0,
        "padding_top_mobile": 0,
        "padding_bottom_mobile": 0
      }
    },
    "e2688eca-0a77-445e-b17e-96bd36469f0c": {
      "type": "carousel-images",
      "blocks": {
        "template--16937794175215__e2688eca-0a77-445e-b17e-96bd36469f0c-slide-1": {
          "type": "slide",
          "settings": {
            "image": "shopify:\/\/shop_images\/carousel-image-1.jpg",
            "video_url": "",
            "content_margin_negative_top_desktop": 84,
            "content_margin_negative_top_tablet": 66,
            "content_margin_negative_top_mobile": 52,
            "subheading": "Must Have",
            "subheading_font": "font-heading",
            "subheading_size": "medium",
            "heading": "Summer Essentials",
            "heading_size": "large",
            "description": "<p>Summer Skin care essentials<\/p><p>to pack for your vacation<\/p>",
            "description_size": "medium",
            "button_style": "transparent",
            "button_label": "Shop summer essentials",
            "button_link": "shopify:\/\/collections\/collection-08",
            "text_alignment": "center"
          }
        },
        "template--16937794175215__e2688eca-0a77-445e-b17e-96bd36469f0c-slide-2": {
          "type": "slide",
          "settings": {
            "image": "shopify:\/\/shop_images\/carousel-image-2.jpg",
            "video_url": "",
            "content_margin_negative_top_desktop": 84,
            "content_margin_negative_top_tablet": 68,
            "content_margin_negative_top_mobile": 52,
            "subheading": "Must Have",
            "subheading_font": "font-heading",
            "subheading_size": "medium",
            "heading": "Winter Essentials",
            "heading_size": "large",
            "description": "<p>Stay radiant and nourished<\/p><p> all winter long<\/p>",
            "description_size": "medium",
            "button_style": "transparent",
            "button_label": "Shop winter essentials",
            "button_link": "shopify:\/\/collections\/collection-06",
            "text_alignment": "center"
          }
        }
      },
      "block_order": [
        "template--16937794175215__e2688eca-0a77-445e-b17e-96bd36469f0c-slide-1",
        "template--16937794175215__e2688eca-0a77-445e-b17e-96bd36469f0c-slide-2"
      ],
      "settings": {
        "section_width": "page-width",
        "customize_width": 1800,
        "show_line_separator": false,
        "color_scheme": "scheme-885560e2-0cab-4e10-a9ed-ad4155186370",
        "arrows_type": "lg",
        "carousel_infinite_scroll": false,
        "enable_pagination_type": "xs",
        "pagination_type": "progressbar",
        "accessibility_info": "Slideshow about our brand",
        "padding_top": 80,
        "padding_bottom": 80,
        "padding_top_mobile": 40,
        "padding_bottom_mobile": 30
      }
    },
    "fd29978e-0922-4393-897e-27da77b0c947": {
      "type": "product-column",
      "blocks": {
        "f57d808c-f98f-4035-968f-3f443d9b3c96": {
          "type": "collection",
          "settings": {
            "heading": "Shop beauty",
            "heading_size": "default",
            "show_view_all": true,
            "text_view_all": "View All",
            "collection": "collection-01",
            "product_list": [
              "cosmetic-sample-product-08",
              "lubridern-moisture-hydrating-hand-lotion",
              "lash-care-mascara-intense-black",
              "cosmetic-sample-product-10",
              "eltamd-uv-daily-face-sunscreen"
            ],
            "products_to_show": 6
          }
        },
        "d2112dfc-254b-4840-9476-70bf8825391a": {
          "type": "collection",
          "settings": {
            "heading": "Shop skincare",
            "heading_size": "default",
            "show_view_all": true,
            "text_view_all": "View All",
            "collection": "collection-02",
            "product_list": [
              "cosmetic-sample-product-09",
              "is-clinical-white-lightening-serum",
              "alpha-skincare-renewal-serum",
              "she-shea-nourish-body-lotion",
              "brazilian-blowout-smoothing-cream"
            ],
            "products_to_show": 6
          }
        }
      },
      "block_order": [
        "f57d808c-f98f-4035-968f-3f443d9b3c96",
        "d2112dfc-254b-4840-9476-70bf8825391a"
      ],
      "settings": {
        "section_width": "page-width",
        "customize_width": 1800,
        "time": "02\/10\/2024",
        "heading_sale": "Flash sale to 70% off",
        "heading_size": "medium",
        "button_sale_label": "Find out more",
        "button_sale_link": "shopify:\/\/collections\/unleash-your-beauty-with-laoriv-cosmetics",
        "text_size": "x-small",
        "arrows_type": "all",
        "carousel_infinite_scroll": true,
        "enable_pagination_type": "all",
        "pagination_type": "fraction",
        "color_scheme": "accent-2",
        "padding_top": 65,
        "padding_bottom": 0,
        "padding_top_mobile": 30,
        "padding_bottom_mobile": 0
      }
    },
    "541cb8dd-855d-4249-8c95-bde5518ad9df": {
      "type": "icon-with-text",
      "blocks": {
        "template--16932190060783__541cb8dd-855d-4249-8c95-bde5518ad9df-item-1": {
          "type": "item",
          "settings": {
            "icon": "liquid",
            "enable_custom_size_icon": false,
            "custom_size_icon": 30,
            "custom_icon_background": "#f0e8f3",
            "heading": "",
            "use_custom_heading": false,
            "custom_heading_size": "default",
            "text": "<p>Clean<\/p>",
            "link_label": "",
            "link": ""
          }
        },
        "template--16932190060783__541cb8dd-855d-4249-8c95-bde5518ad9df-item-2": {
          "type": "item",
          "settings": {
            "icon": "vegan-2",
            "enable_custom_size_icon": false,
            "custom_size_icon": 30,
            "custom_icon_background": "#edf7ef",
            "heading": "",
            "use_custom_heading": false,
            "custom_heading_size": "default",
            "text": "<p>Vegan<\/p>",
            "link_label": "",
            "link": ""
          }
        },
        "template--16932190060783__541cb8dd-855d-4249-8c95-bde5518ad9df-item-3": {
          "type": "item",
          "settings": {
            "icon": "cruelty_free",
            "enable_custom_size_icon": false,
            "custom_size_icon": 30,
            "custom_icon_background": "#fbf1ef",
            "heading": "",
            "use_custom_heading": false,
            "custom_heading_size": "default",
            "text": "<p>Cruelty-Free<\/p>",
            "link_label": "",
            "link": ""
          }
        },
        "template--16932190060783__541cb8dd-855d-4249-8c95-bde5518ad9df-item-4": {
          "type": "item",
          "settings": {
            "icon": "gluten_free_2",
            "enable_custom_size_icon": false,
            "custom_size_icon": 30,
            "custom_icon_background": "#e9eef2",
            "heading": "",
            "use_custom_heading": false,
            "custom_heading_size": "default",
            "text": "<p>Gluten-Free<\/p>",
            "link_label": "",
            "link": ""
          }
        },
        "8747515f-ba6d-492c-8890-b14d8192853b": {
          "type": "item",
          "settings": {
            "icon": "recycle",
            "enable_custom_size_icon": false,
            "custom_size_icon": 30,
            "custom_icon_background": "#fbf2e7",
            "heading": "",
            "use_custom_heading": false,
            "custom_heading_size": "default",
            "text": "<p>Recyclable<\/p>",
            "link_label": "",
            "link": ""
          }
        }
      },
      "block_order": [
        "template--16932190060783__541cb8dd-855d-4249-8c95-bde5518ad9df-item-1",
        "template--16932190060783__541cb8dd-855d-4249-8c95-bde5518ad9df-item-2",
        "template--16932190060783__541cb8dd-855d-4249-8c95-bde5518ad9df-item-3",
        "template--16932190060783__541cb8dd-855d-4249-8c95-bde5518ad9df-item-4",
        "8747515f-ba6d-492c-8890-b14d8192853b"
      ],
      "settings": {
        "type_style": "special",
        "section_width": "customized-width",
        "customize_width": 1600,
        "heading": "We promise",
        "heading_size": "default",
        "text": "<p>All products are Vegan and Cruelty-Free.<\/p>",
        "text_margin_top": 13,
        "text_alignment": "center",
        "margin_bottom": 60,
        "blocks_heading_font": "font-body",
        "blocks_heading_size": "xx-large",
        "blocks_text_size": "xx-large",
        "color_scheme": "",
        "use_custom_color": true,
        "colors_text": "#2a0e2a",
        "colors_background": "",
        "gradient_background": "linear-gradient(90deg, rgba(NaN, NaN, NaN, 0), rgba(223, 244, 247, 1) 100%)",
        "layout": "vertical",
        "enable_background_icon": true,
        "type_vertical": "scroll",
        "arrows_type": "all",
        "text_animation": "none",
        "padding_top": 80,
        "padding_bottom": 80,
        "padding_top_mobile": 40,
        "padding_bottom_mobile": 40
      }
    },
    "8d2b07a5-1c19-4d83-b4de-122a28e5c67c": {
      "type": "spotlight-products",
      "settings": {
        "type_style": "special",
        "header_width": "page-width",
        "customize_width_header": 1800,
        "image": "shopify:\/\/shop_images\/banner-spotlight_a376219a-b8b7-49a3-a3d8-d7502965b573.jpg",
        "heading": "",
        "text_view_all": "",
        "collection": "spotlight-product",
        "products_to_show": 2,
        "show_secondary_image": true,
        "show_vendor_product": true,
        "show_rating_product": true,
        "enable_quick_add": true,
        "show_swatch": true,
        "card_button_type": "transparent",
        "card_button_transform": "capitalize",
        "arrows_type": "lg",
        "enable_pagination_type": "all",
        "pagination_type": "fraction",
        "horizontal_1": 11,
        "vertical_1": 40,
        "horizontal_2": 50,
        "vertical_2": 26,
        "horizontal_3": 18,
        "vertical_3": 35,
        "horizontal_4": 70,
        "vertical_4": 60,
        "horizontal_5": 25,
        "vertical_5": 65,
        "color_scheme": "accent-1",
        "use_background_gradient": false,
        "colors_background_special": "#fbf2e7",
        "gradient_background_special": "linear-gradient(215deg, rgba(248, 208, 218, 0.45) 34.38%, rgba(195, 236, 252, 0.45) 73.44%)",
        "product_color_scheme": "background-2",
        "padding_top": 0,
        "padding_bottom": 0,
        "padding_top_mobile": 0,
        "padding_bottom_mobile": 0
      }
    },
    "947ce4ca-fba2-47ae-8aa5-ec54700eead0": {
      "type": "before-after-image",
      "settings": {
        "section_width": "full-width",
        "customize_width": 1800,
        "show_line_separator": true,
        "subheading": "Introducing",
        "subheading_size": "medium",
        "title": "<p>Iconic Divine Eyeshadow Palettes<\/p>",
        "heading_size": "default",
        "content": "<p>New Shades. Improved Formula.<\/p><p>Full color Pay-Off.<\/p>",
        "description_size": "medium",
        "text_alignment": "left",
        "vertical_spacing": 16,
        "button_transparent": "transparent",
        "button_label": "Shop eyeshadows",
        "button_link": "shopify:\/\/collections\/collection-05",
        "button_margin_top": 23,
        "before_image": "shopify:\/\/shop_images\/before-after-1_ccd01fa6-878f-41c9-8dcc-009144ad5684.jpg",
        "label_before": "",
        "after_image": "shopify:\/\/shop_images\/before-after-2_e3dbbc29-3fb1-446f-a522-33b8f1922805.jpg",
        "label_after": "",
        "text_position": "left",
        "drag_initial_position": 50,
        "color_scheme": "accent-2",
        "drag_cursor_color": "#000000",
        "drag_cursor_background": "#ffffff",
        "padding_left": 50,
        "padding_right": 0,
        "padding_top": 100,
        "padding_bottom": 100,
        "padding_top_mobile": 50,
        "padding_bottom_mobile": 50
      }
    },
    "e439c36b-9ab2-4b29-a744-777c306935b1": {
      "type": "featured-blog",
      "blocks": {
        "heading_qneR9C": {
          "type": "heading",
          "settings": {
            "heading_size": "h2",
            "padding_top": 0,
            "padding_bottom": 10
          }
        },
        "date_ea6U4c": {
          "type": "date",
          "settings": {
            "text_size": "medium",
            "padding_top": 0,
            "padding_bottom": 0
          }
        }
      },
      "block_order": [
        "heading_qneR9C",
        "date_ea6U4c"
      ],
      "settings": {
        "header_width": "page-width",
        "content_width": "page-width",
        "customize_width": 1800,
        "padding_container_full_w": 0,
        "show_line_separator": false,
        "icon": "bell",
        "heading": "RECENT POSTS",
        "heading_size": "body text-size",
        "show_view_all": "link",
        "button_label": "Read Full Story",
        "heading_alignment": "left",
        "heading_margin_bottom": 60,
        "blog": "blog-beauty-2",
        "post_limit": 3,
        "spacing_desktop": 50,
        "spacing_tablet": 40,
        "spacing_mobile": 10,
        "style_layout": "enable_carousel",
        "show_image": true,
        "image_ratio": "adapt",
        "text_per_line": "3",
        "text_alignment": "left",
        "grid_number": 3,
        "grid_number_tablet": 2,
        "grid_number_mobile": 1,
        "carousel_number": 3,
        "carousel_number_tablet": 1.3,
        "t:sections.featured-blog.settings.heading_3": "1.2",
        "arrows_type": "none",
        "enable_pagination_type": "all",
        "pagination_type": "none",
        "color_scheme": "background-1",
        "image_animation": "zoom-out",
        "heading_animation": "zoom-in",
        "text_animation": "zoom-in",
        "padding_top": 92,
        "padding_bottom": 80,
        "padding_top_mobile": 46,
        "padding_bottom_mobile": 40
      }
    },
    "acaefe0a-2ce4-403e-990d-721e6a5ffde7": {
      "type": "outstanding-reviews",
      "blocks": {
        "21aadb9b-e72d-49ee-9b8b-496ec562dfcc": {
          "type": "slide",
          "settings": {
            "text": "<p>The Best One and<\/p><p> Done Cream<\/p><p> Shadow<\/p>",
            "heading_size": "default",
            "description": "<p>I started with one of these. Now I have three more. I have lovely eyeshadow palettes, but I often reach for these because of their depth of color, blend-ability, and buildability. They stay put all day with no need for primer.<\/p>",
            "avatar": "shopify:\/\/shop_images\/avata-customer.jpg",
            "name": "Annie Lee",
            "rating": "5",
            "text_alignment": "left"
          }
        },
        "c210b699-ec1e-490e-83e4-e0ef2f89dda3": {
          "type": "slide",
          "settings": {
            "text": "<p>The Great Radiance Boosting Serum<\/p>",
            "heading_size": "default",
            "description": "<p>I've been using this serum for a few weeks now, and I'm absolutely in love with the results. My skin feels so much smoother, and I've noticed a significant improvement in my skin's radiance. The serum is lightweight and absorbs quickly.<\/p>",
            "avatar": "shopify:\/\/shop_images\/avata-customer-2.jpg",
            "name": "John Dang",
            "rating": "5",
            "text_alignment": "left"
          }
        },
        "e035c443-3284-42bc-825f-c4991b80ac9e": {
          "type": "slide",
          "settings": {
            "text": "<p>The Beautiful Longwear Matte Lipstick<\/p>",
            "heading_size": "default",
            "description": "<p>This matte lipstick is a game-changer! It stays on all day without smudging or fading, even after meals. The color selection is fantastic, and I get compliments on my lipstick shade every time I wear it. <\/p>",
            "avatar": "shopify:\/\/shop_images\/avata-customer-3.jpg",
            "name": "Jenni Kim",
            "rating": "4",
            "text_alignment": "left"
          }
        }
      },
      "block_order": [
        "21aadb9b-e72d-49ee-9b8b-496ec562dfcc",
        "c210b699-ec1e-490e-83e4-e0ef2f89dda3",
        "e035c443-3284-42bc-825f-c4991b80ac9e"
      ],
      "settings": {
        "section_width": "full-width",
        "customize_width": 1800,
        "heading": "CUSTOMER REVIEWS",
        "heading_size": "xx-large",
        "image_first": "shopify:\/\/shop_images\/model.jpg",
        "image_second": "shopify:\/\/shop_images\/outstanding-review-2.jpg",
        "colors_background_banner": "#f0e8f3",
        "color_scheme": "",
        "use_custom_color": false,
        "colors_text": "#424242",
        "colors_background": "",
        "gradient_background": "linear-gradient(90deg, rgba(NaN, NaN, NaN, 1), rgba(223, 244, 247, 1) 100%)",
        "arrows_type": "all",
        "carousel_infinite_scroll": false,
        "change_slides_speed": 5,
        "enable_pagination_type": "all",
        "pagination_type": "fraction",
        "padding_top": 0,
        "padding_bottom": 180,
        "padding_top_mobile": 0,
        "padding_bottom_mobile": 60
      }
    },
    "4fd876d4-568c-4652-8a4e-007f58afe3c5": {
      "type": "newsletter",
      "blocks": {
        "9eb50a92-a11d-45aa-a6b6-8541889f2440": {
          "type": "heading",
          "settings": {
            "show_line_separator_top": false,
            "heading": "Join our mailing list",
            "heading_size": "default",
            "heading_margin_bottom": 0,
            "description": "<p>Sign up for exclusive updates, new arrivals & insider only discounts<\/p>",
            "description_size": "large",
            "text_margin_bottom": 0,
            "text_link": "",
            "primary_text_link": "",
            "padding_top": 0,
            "padding_bottom": 40
          }
        },
        "template--16932190060783__4fd876d4-568c-4652-8a4e-007f58afe3c5-email_form-1": {
          "type": "email_form",
          "settings": {
            "description": "",
            "description_size": "medium",
            "text": "",
            "button_transparent": "transparent",
            "show_email": true,
            "padding_top": 40,
            "padding_bottom": 40
          }
        }
      },
      "block_order": [
        "9eb50a92-a11d-45aa-a6b6-8541889f2440",
        "template--16932190060783__4fd876d4-568c-4652-8a4e-007f58afe3c5-email_form-1"
      ],
      "settings": {
        "type_style": "special",
        "section_width": "page-width",
        "customize_width": 1800,
        "custom_rouded": false,
        "custom_block_rouded": 0,
        "image": "shopify:\/\/shop_images\/Custom_Block__Newsletter.png",
        "full_width": true,
        "text_alignment": "left",
        "text_alignment_mobile": "left",
        "use_custom_colors_background_content": true,
        "colors_background_content": "",
        "color_scheme": "inverse",
        "use_custom_color": false,
        "colors_text": "#ffffff",
        "colors_background": "rgba(0,0,0,0)",
        "gradient_background": "",
        "padding_top": 240,
        "padding_bottom": 240,
        "padding_top_mobile": 80,
        "padding_bottom_mobile": 80
      }
    }
  },
  "order": [
    "5b46ce0d-720b-401c-963c-b412b005d339",
    "315f1019-c26c-4c11-80e9-eb0983d611df",
    "8a716fd2-3c02-4d64-8b51-2922558fdda9",
    "83d2b53d-ddf0-4e8c-91fc-2cec95d149a1",
    "a3441de2-7db2-4c19-8481-55545185fb34",
    "e2688eca-0a77-445e-b17e-96bd36469f0c",
    "fd29978e-0922-4393-897e-27da77b0c947",
    "541cb8dd-855d-4249-8c95-bde5518ad9df",
    "8d2b07a5-1c19-4d83-b4de-122a28e5c67c",
    "947ce4ca-fba2-47ae-8aa5-ec54700eead0",
    "e439c36b-9ab2-4b29-a744-777c306935b1",
    "acaefe0a-2ce4-403e-990d-721e6a5ffde7",
    "4fd876d4-568c-4652-8a4e-007f58afe3c5"
  ]
}