{
  "name": "t:sections.footer.name",
  "type": "footer",
  "sections": {
    "footer": {
      "type": "footer",
      "blocks": {
        "6590f49a-0bb1-4a2b-bbd7-2e92c6bd5a99": {
          "type": "newsletter",
          "settings": {
            "block_width": "default",
            "type_style_newsletter": "default",
            "image": "shopify:\/\/shop_images\/logo-home-7.png",
            "image_width": 145,
            "heading": "Join our mail list",
            "heading_font": "font-body",
            "heading_typography": "font-heading",
            "heading_size": "x-small",
            "heading_size_step": 0,
            "subtext": "<p>CLAIM UP TO 30% OFF YOUR ORDER<\/p>",
            "text_size": "x-small",
            "text_margin_top": 0,
            "text_margin_bottom": 27,
            "text_alignment": "left",
            "button_label": "SUBSCRIBE",
            "hide_arrow": true,
            "caption": "",
            "caption_size": "medium",
            "check_text": "",
            "show_social": false,
            "social_media_colors_text": "#2d2d2d",
            "social_media_colors_background": "",
            "social_media_gradient_background": "",
            "margin_top": 0,
            "margin_bottom": 0
          }
        },
        "footer-0": {
          "type": "link_list",
          "settings": {
            "heading": "SHOP",
            "heading_font": "f-bold",
            "menu": "categories-blog-page",
            "custom_separator_color": true,
            "separator_color": "#202020",
            "padding_bottom_xs": 6,
            "padding_top_xs": 10
          }
        },
        "footer-1": {
          "type": "link_list",
          "settings": {
            "heading": "INFORMATION",
            "heading_font": "f-bold",
            "menu": "further-info",
            "custom_separator_color": true,
            "separator_color": "#202020",
            "padding_bottom_xs": 6,
            "padding_top_xs": 16
          }
        },
        "24d4b3c1-dce3-4fd9-b167-41df16cdea48": {
          "type": "link_list",
          "settings": {
            "heading": "CUSTOMER",
            "heading_font": "f-bold",
            "menu": "customer-service",
            "custom_separator_color": true,
            "separator_color": "#202020",
            "padding_bottom_xs": 6,
            "padding_top_xs": 16
          }
        }
      },
      "block_order": [
        "6590f49a-0bb1-4a2b-bbd7-2e92c6bd5a99",
        "footer-0",
        "footer-1",
        "24d4b3c1-dce3-4fd9-b167-41df16cdea48"
      ],
      "settings": {
        "type_style": "modern",
        "section_width": "page-width",
        "customize_width": 1800,
        "margin_top": 0,
        "heading_size": "small",
        "heading_typography": "font-body",
        "text_size": "small",
        "text_typography": "font-body",
        "link_row_gap": 8,
        "show_line_separator": false,
        "footer_top_padding_top": 66,
        "footer_top_padding_bottom": 58,
        "footer_top_padding_top_mobile": 33,
        "footer_top_padding_bottom_mobile": 52,
        "footer_top_color_scheme": "",
        "footer_bot_show_line_separator": true,
        "footer_bottom_padding_top": 40,
        "footer_bottom_padding_bottom": 40,
        "footer_bottom_padding_top_mobile": 16,
        "footer_bottom_padding_bottom_mobile": 16,
        "footer_bottom_color_scheme": "",
        "bottom_text_size": "x-small",
        "enable_country_selector": false,
        "enable_language_selector": false,
        "payment_enable": false,
        "show_copyright_and_powered": true,
        "show_policy": false,
        "show_social": true,
        "social_media_colors_text": "#2d2d2d",
        "social_media_colors_background": "#bbfbff",
        "social_media_gradient_background": ""
      }
    }
  },
  "order": [
    "footer"
  ]
}