{
  "name": "t:sections.header.name",
  "type": "header",
  "sections": {
    "header": {
      "type": "header",
      "blocks": {
        "87f8d565-83ad-4293-9399-b59858a4c494": {
          "type": "mega_menu_1",
          "settings": {
            "menu_item": "Shops",
            "section_width": "customized-width",
            "customize_width": 1400,
            "image_1": "shopify:\/\/shop_images\/mega-menu-decor-6.jpg",
            "text_image_1": "Beyond templates Beyond boundaries",
            "link_image_1": "",
            "image_overlay_opacity": 30,
            "color_overlay_opacity": "#000000"
          }
        },
        "mega_menu_1_ktW6rz": {
          "type": "mega_menu_1",
          "settings": {
            "menu_item": "Products",
            "section_width": "customized-width",
            "customize_width": 1400,
            "image_1": "shopify:\/\/shop_images\/mega-menu-decor-5.jpg",
            "text_image_1": "Unleash the extraordinary",
            "link_image_1": "",
            "image_overlay_opacity": 30,
            "color_overlay_opacity": "#000000"
          }
        },
        "mega_menu_2_hzi7xG": {
          "type": "mega_menu_2",
          "settings": {
            "menu_item": "Theme Demo",
            "section_width": "customized-width",
            "customize_width": 1400,
            "image_1": "shopify:\/\/shop_images\/mega-menu-decor-4.jpg",
            "text_image_1": "Your Sample Text",
            "link_image_1": "",
            "image_2": "shopify:\/\/shop_images\/mega-menu-decor-1.jpg",
            "text_image_2": "Your Sample Text",
            "link_image_2": "",
            "image_3": "shopify:\/\/shop_images\/mega-menu-decor-2.jpg",
            "text_image_3": "Your Sample Text",
            "link_image_3": "",
            "image_4": "shopify:\/\/shop_images\/mega-menu-decor-3.jpg",
            "text_image_4": "Your Sample Text",
            "link_image_4": ""
          }
        }
      },
      "block_order": [
        "87f8d565-83ad-4293-9399-b59858a4c494",
        "mega_menu_1_ktW6rz",
        "mega_menu_2_hzi7xG"
      ],
      "settings": {
        "section_width": "page-width",
        "customize_width": 1600,
        "type_style": "classic",
        "show_line_separator": false,
        "type_sticky_header": "scroll-up",
        "color_scheme": "scheme-e94a4594-64f3-42bb-a31b-10c10561dcd9",
        "text_size": "small",
        "font_transform": "uppercase",
        "enable_transparent": true,
        "color_opacity_1": 100,
        "text_transparent": "#202020",
        "color_opacity_2": 70,
        "logo": "shopify:\/\/shop_images\/logo-home-7.png",
        "logo_width": 155,
        "logo_position": "middle-left",
        "logo_alignment_desktop": "start",
        "menu": "main-menu",
        "menu_alignment_desktop": "center",
        "spacing_gap": 15,
        "menu_transform": "capitalize",
        "link_type": "border",
        "use_custom_button": true,
        "use_button_label": "ON SALE",
        "use_button_link": "#",
        "icon_type_style": "special",
        "enable_search": true,
        "enable_account": true,
        "enable_cart": true,
        "enable_wishlist": true,
        "enable_country_selector": false,
        "enable_language_selector": false,
        "function_alignment_desktop": "end",
        "enable_search_mobile": true,
        "enable_account_mobile": true,
        "enable_cart_mobile": true,
        "enable_wishlist_mobile": true,
        "enable_country_selector_mobile": true,
        "enable_language_selector_mobile": true,
        "mobile_logo_position": "center",
        "padding_top": 16,
        "padding_bottom": 16
      }
    }
  },
  "order": [
    "header"
  ]
}