{
  "sections": {
    "d60b9143-a54d-4b10-b084-eeb855a7ef00": {
      "type": "slideshow",
      "blocks": {
        "b89cf5ed-a6ff-4aab-9b9a-29fb7e8272c9": {
          "type": "lookbook",
          "settings": {
            "image": "shopify:\/\/shop_images\/pillow_banner_png.jpg",
            "content_max_width": 700,
            "icon": "click",
            "heading_font": "font-heading",
            "heading": "Explicabo Comfy for Summer",
            "heading_size": "xxx-large",
            "heading_margin_bottom": 20,
            "subheading": "",
            "subheading_size": "medium",
            "subheading_margin_bottom": 30,
            "primary_button_label": "INSTANT SHOPPING",
            "primary_button_link": "shopify:\/\/collections\/occaecat-cupidatat-proident-set",
            "secondary_button_label": "",
            "secondary_button_link": "",
            "box_align": "bottom-left",
            "text_alignment": "left",
            "product_1": "occaecat-cupidatat-non-proident-sunt-in-culpa",
            "horizontal_1": 32,
            "vertical_1": 26,
            "popup_position_1": "pos-right",
            "product_2": "occaecat-cupidatat-non-proident-sunt-in-culpa-2",
            "horizontal_2": 57,
            "vertical_2": 48,
            "popup_position_2": "pos-right",
            "product_3": "occaecat-cupidatat-non-proident-sunt-in-culpa-6",
            "horizontal_3": 85,
            "vertical_3": 70,
            "popup_position_3": "pos-left",
            "product_4": "",
            "horizontal_4": 53,
            "vertical_4": 75,
            "popup_position_4": "pos-right",
            "product_5": "",
            "horizontal_5": 50,
            "vertical_5": 50,
            "popup_position_5": "pos-right",
            "product_color_scheme": "inverse",
            "padding_top_bottom": 51,
            "padding_left_right": 100
          }
        },
        "3f4918f4-6e5e-4e1d-8c73-9823f4fa5344": {
          "type": "lookbook",
          "settings": {
            "image": "shopify:\/\/shop_images\/banner-2_3231ef37-f2d1-4c14-854f-52929e9b36ff.jpg",
            "content_max_width": 500,
            "icon": "click",
            "heading_font": "font-heading",
            "heading": "Dignissimos Ducimus",
            "heading_size": "xxx-large",
            "heading_margin_bottom": 20,
            "subheading": "",
            "subheading_size": "medium",
            "subheading_margin_bottom": 30,
            "primary_button_label": "",
            "primary_button_link": "",
            "secondary_button_label": "",
            "secondary_button_link": "",
            "box_align": "bottom-right",
            "text_alignment": "right",
            "product_1": "",
            "horizontal_1": 32,
            "vertical_1": 26,
            "popup_position_1": "pos-right",
            "product_2": "",
            "horizontal_2": 57,
            "vertical_2": 48,
            "popup_position_2": "pos-right",
            "product_3": "",
            "horizontal_3": 85,
            "vertical_3": 70,
            "popup_position_3": "pos-left",
            "product_4": "",
            "horizontal_4": 53,
            "vertical_4": 75,
            "popup_position_4": "pos-right",
            "product_5": "",
            "horizontal_5": 50,
            "vertical_5": 50,
            "popup_position_5": "pos-right",
            "product_color_scheme": "inverse",
            "padding_top_bottom": 0,
            "padding_left_right": 0
          }
        }
      },
      "block_order": [
        "b89cf5ed-a6ff-4aab-9b9a-29fb7e8272c9",
        "3f4918f4-6e5e-4e1d-8c73-9823f4fa5344"
      ],
      "settings": {
        "section_width": "page-width",
        "customize_width": 1800,
        "image_ratio": "full-screen",
        "image_ratio_mobile": "650px",
        "color_scheme": "accent-1",
        "arrows_type": "all",
        "arrows_position": "middle-center",
        "carousel_infinite_scroll": true,
        "enable_autoplay": false,
        "color_autoplay": "#ffffff",
        "change_slides_speed": 5,
        "enable_pagination_type": "all",
        "pagination_type": "none",
        "image_behavior": "none",
        "accessibility_info": "Slideshow about our brand"
      }
    },
    "d02d8fc7-fd98-4045-a9f6-d19edd4e8422": {
      "type": "marquee",
      "blocks": {
        "template--17244680159471__d02d8fc7-fd98-4045-a9f6-d19edd4e8422-marquee-2": {
          "type": "marquee",
          "settings": {
            "type_marquee": "text",
            "text": "<p>First Purchase Offer: <strong>Buy One 20% Off Next One<\/strong><\/p>",
            "set_transparent_text": false,
            "enable_color_underline": false,
            "colors_underline": "#000000",
            "options_colors_underline": "full",
            "image_height": 152,
            "link": ""
          }
        },
        "template--17244680159471__d02d8fc7-fd98-4045-a9f6-d19edd4e8422-marquee-1": {
          "type": "marquee",
          "settings": {
            "type_marquee": "text",
            "text": "<p>Semi-Anual Sale: <strong>Up to 50% Off Sitewide<\/strong><\/p>",
            "set_transparent_text": false,
            "enable_color_underline": false,
            "colors_underline": "#000000",
            "options_colors_underline": "full",
            "image_height": 152,
            "link": ""
          }
        },
        "bc2769d2-45be-4979-ae5e-85b1a9a0651c": {
          "type": "marquee",
          "settings": {
            "type_marquee": "text",
            "text": "<p>Shop Today Delivery Next Day with <strong>Free Shipping<\/strong><\/p>",
            "set_transparent_text": false,
            "enable_color_underline": false,
            "colors_underline": "#000000",
            "options_colors_underline": "full",
            "image_height": 152,
            "link": ""
          }
        }
      },
      "block_order": [
        "template--17244680159471__d02d8fc7-fd98-4045-a9f6-d19edd4e8422-marquee-2",
        "template--17244680159471__d02d8fc7-fd98-4045-a9f6-d19edd4e8422-marquee-1",
        "bc2769d2-45be-4979-ae5e-85b1a9a0651c"
      ],
      "settings": {
        "section_width": "full-width",
        "customize_width": 1800,
        "enable_full_width": false,
        "enable_cursor_hover": false,
        "duration_speed": 30,
        "heading_font": "font-body",
        "heading_size": "xx-large",
        "type_separating": "stars-6",
        "custom_between": false,
        "carousel_gap": 30,
        "color_scheme": "",
        "use_custom_color": true,
        "colors_text": "#404040",
        "colors_background": "",
        "gradient_background": "",
        "padding_top": 29,
        "padding_bottom": 35,
        "padding_top_mobile": 20,
        "padding_bottom_mobile": 25
      }
    },
    "72061384-ec94-4ebb-b65d-b798586990f4": {
      "type": "collection-list",
      "blocks": {
        "template--17244680159471__72061384-ec94-4ebb-b65d-b798586990f4-collection-1": {
          "type": "collection",
          "settings": {
            "collection": "beautiful-in-white"
          }
        },
        "e5731641-eee0-4f24-8ec8-6612f80a30ea": {
          "type": "collection",
          "settings": {
            "collection": "vintage-linen-bed-sheets"
          }
        },
        "template--17244680159471__72061384-ec94-4ebb-b65d-b798586990f4-collection-3": {
          "type": "collection",
          "settings": {
            "collection": "sofa-mix-and-match"
          }
        },
        "collection_aYQ3jg": {
          "type": "collection",
          "settings": {
            "collection": "beautiful-in-white"
          }
        }
      },
      "block_order": [
        "template--17244680159471__72061384-ec94-4ebb-b65d-b798586990f4-collection-1",
        "e5731641-eee0-4f24-8ec8-6612f80a30ea",
        "template--17244680159471__72061384-ec94-4ebb-b65d-b798586990f4-collection-3",
        "collection_aYQ3jg"
      ],
      "settings": {
        "type_style": "default",
        "heading": "Featured Collections",
        "heading_size": "default",
        "heading_margin_bottom": 83,
        "show_view_all": true,
        "text_view_all": "Shop all Collections",
        "button_transparent": "default",
        "show_line_separator": false,
        "header_alignment": "center",
        "image_width": "full",
        "image_ratio": "adapt",
        "height_odd_image": 150,
        "height_even_image": 100,
        "blocks_heading_size": "x-small",
        "font_transform": "none",
        "text_alignment": "center",
        "color_scheme": "",
        "use_custom_color": false,
        "colors_background": "",
        "gradient_background": "transparent",
        "enable_carousel": true,
        "carousel_gap": 30,
        "arrows_type": "all",
        "carousel_infinite_scroll": false,
        "columns_desktop": 3,
        "columns_mobile": "1",
        "image_animation": "zoom-out",
        "text_animation": "zoom-out",
        "padding_top": 80,
        "padding_bottom": 90,
        "padding_top_mobile": 40,
        "padding_bottom_mobile": 45
      }
    },
    "66801c89-2f21-4484-bcc2-e5ff27ef7517": {
      "type": "image-banner",
      "blocks": {
        "template--17244680159471__66801c89-2f21-4484-bcc2-e5ff27ef7517-heading-1": {
          "type": "heading",
          "settings": {
            "heading": "A PILLOW STORY",
            "heading_size": "xx-large",
            "padding_top": 0,
            "padding_bottom": 0
          }
        },
        "template--17244680159471__66801c89-2f21-4484-bcc2-e5ff27ef7517-text-1": {
          "type": "text",
          "settings": {
            "text": "<p>LET’S HEAR SOMETHING ABOUT CONCEPT<\/p>",
            "text_size": "x-small",
            "padding_top": 0,
            "padding_bottom": 24
          }
        },
        "template--17244680159471__66801c89-2f21-4484-bcc2-e5ff27ef7517-buttons-1": {
          "type": "buttons",
          "settings": {
            "button_transparent": "default",
            "primary_button_label": "About CONCEPT",
            "primary_button_link": "shopify:\/\/pages\/about-us",
            "secondary_button_label": "",
            "secondary_button_link": "",
            "padding_top": 23,
            "padding_bottom": 0
          }
        },
        "c6b31d56-09f0-407b-bec7-ed112b7587ea": {
          "type": "decor",
          "settings": {
            "image": "shopify:\/\/shop_images\/pillow-1.png"
          }
        },
        "591d2ca6-8efd-4b62-81f1-9f120a492d59": {
          "type": "decor",
          "settings": {
            "image": "shopify:\/\/shop_images\/pillow-5.png"
          }
        },
        "5ab3a1bc-dc51-4441-b481-4c920a24935b": {
          "type": "decor",
          "settings": {
            "image": "shopify:\/\/shop_images\/pillow-2.png"
          }
        },
        "ee508136-4f78-438d-bb78-ededa0cf8f20": {
          "type": "decor",
          "settings": {
            "image": "shopify:\/\/shop_images\/pillow-3.png"
          }
        },
        "ce5a16e5-13aa-42f3-a5f7-26c6d2b826d9": {
          "type": "decor",
          "settings": {
            "image": "shopify:\/\/shop_images\/pillow-4.png"
          }
        }
      },
      "block_order": [
        "template--17244680159471__66801c89-2f21-4484-bcc2-e5ff27ef7517-heading-1",
        "template--17244680159471__66801c89-2f21-4484-bcc2-e5ff27ef7517-text-1",
        "template--17244680159471__66801c89-2f21-4484-bcc2-e5ff27ef7517-buttons-1",
        "c6b31d56-09f0-407b-bec7-ed112b7587ea",
        "591d2ca6-8efd-4b62-81f1-9f120a492d59",
        "5ab3a1bc-dc51-4441-b481-4c920a24935b",
        "ee508136-4f78-438d-bb78-ededa0cf8f20",
        "ce5a16e5-13aa-42f3-a5f7-26c6d2b826d9"
      ],
      "settings": {
        "section_width": "page-width",
        "customize_width": 1800,
        "custom_rouded": true,
        "custom_block_rouded": 30,
        "image": "shopify:\/\/shop_images\/bg-gray.jpg",
        "content_inside_image_mobile": true,
        "mobile_row_height": 150,
        "desktop_content_position": "middle-center",
        "desktop_content_alignment": "center",
        "mobile_content_alignment": "center",
        "custom_content_max_width": true,
        "content_max_width": 1200,
        "mobile_color_scheme": "default",
        "colors_text": "#424242",
        "colors_background": "",
        "gradient_background": "linear-gradient(90deg, rgba(246, 238, 227, 1), rgba(223, 244, 247, 1) 100%)",
        "color_scheme": "",
        "image_overlay_opacity": 30,
        "color_overlay_opacity": "#121212",
        "image_behavior": "none",
        "text_animation": "none",
        "padding_top": 48,
        "padding_bottom": 50,
        "padding_top_mobile": 36,
        "padding_bottom_mobile": 37
      }
    },
    "f10e3fe2-6345-4096-8f8f-dcc76bea4e98": {
      "type": "featured-collection",
      "blocks": {
        "template--17244680159471__f10e3fe2-6345-4096-8f8f-dcc76bea4e98-heading-1": {
          "type": "heading",
          "settings": {
            "heading": "Best Sellers",
            "heading_size": "default",
            "label_view_all": "",
            "show_view_all": "button",
            "text_view_all": "Shop all Most Popular",
            "text_view_all_size": "medium",
            "text_alignment": "center",
            "padding_top": 0,
            "padding_bottom": 60
          }
        }
      },
      "block_order": [
        "template--17244680159471__f10e3fe2-6345-4096-8f8f-dcc76bea4e98-heading-1"
      ],
      "settings": {
        "section_width": "customized-width",
        "customize_width": 1570,
        "show_line_separator_top": false,
        "show_line_separator_bottom": false,
        "collection": "voluptatem-accusantium-1",
        "product_list": [

        ],
        "products_to_show": 7,
        "carousel_number": 4,
        "carousel_number_tablet": 3,
        "carousel_number_mobile": "1.5",
        "spacing_desktop": 30,
        "spacing_tablet": 15,
        "spacing_mobile": 10,
        "arrows_type": "lg",
        "carousel_infinite_scroll": true,
        "enable_pagination_type": "sm",
        "pagination_type": "progressbar",
        "color_scheme": "",
        "use_background_gradient": false,
        "colors_background_special": "",
        "gradient_background_special": "linear-gradient(215deg, rgba(248, 208, 218, 0.45) 34.38%, rgba(195, 236, 252, 0.45) 73.44%)",
        "text_animation": "split",
        "padding_top": 82,
        "padding_bottom": 100,
        "padding_top_mobile": 41,
        "padding_bottom_mobile": 50
      }
    },
    "c971eff9-35a2-4e10-a781-d8885125662c": {
      "type": "featured-collection-tab",
      "blocks": {
        "template--17257503359215__c971eff9-35a2-4e10-a781-d8885125662c-tab-1": {
          "type": "tab",
          "settings": {
            "heading": "Voluptatem Accusantium",
            "collection": "voluptatem-accusantium",
            "colors_text": "#ffffff"
          }
        },
        "template--17257503359215__c971eff9-35a2-4e10-a781-d8885125662c-tab-2": {
          "type": "tab",
          "settings": {
            "heading": "Consequuntur Magni Dolores",
            "collection": "consequuntur-magni-dolores",
            "colors_text": "#ffffff"
          }
        },
        "template--17257503359215__c971eff9-35a2-4e10-a781-d8885125662c-tab-3": {
          "type": "tab",
          "settings": {
            "heading": "Similique Sunt",
            "collection": "similique-sunt",
            "colors_text": "#ffffff"
          }
        }
      },
      "block_order": [
        "template--17257503359215__c971eff9-35a2-4e10-a781-d8885125662c-tab-1",
        "template--17257503359215__c971eff9-35a2-4e10-a781-d8885125662c-tab-2",
        "template--17257503359215__c971eff9-35a2-4e10-a781-d8885125662c-tab-3"
      ],
      "settings": {
        "type_style": "special",
        "show_line_separator": false,
        "heading": "Inspired Collections",
        "heading_size": "large",
        "text": "",
        "text_alignment": "center",
        "products_to_show": 6,
        "show_view_all": true,
        "color_scheme": "inverse",
        "product_color_scheme": "inverse",
        "arrows_type": "all",
        "carousel_infinite_scroll": false,
        "enable_pagination_type": "all",
        "pagination_type": "progressbar",
        "image_behavior": "none",
        "padding_top": 100,
        "padding_bottom": 100,
        "padding_top_mobile": 50,
        "padding_bottom_mobile": 50
      }
    },
    "05ccb7dd-231e-4776-8ee2-4543556c223f": {
      "type": "multiple-options",
      "blocks": {
        "e297e51f-a64e-4264-b647-c07d4556a1bc": {
          "type": "option",
          "settings": {
            "option_heading": "Let’s start with colour",
            "option_link_label": "Shop by colour",
            "option_link": "shopify:\/\/collections\/voluptatem-accusantium-1",
            "custom_block_rouded": 50,
            "colors_background_1": "#ececec",
            "gradient_background_1": "",
            "block_text_1": "WHITE",
            "block_link_1": "https:\/\/concept-theme.myshopify.com\/collections\/voluptatem-accusantium-1?filter.v.option.color=WhiteSmoke&min=0&max=399&filter.v.price.gte=&filter.v.price.lte=&sort_by=manual\/?_ab=0&_fd=0&_sc=1&preview_theme_id=139085644015",
            "colors_background_2": "#ff5656",
            "gradient_background_2": "",
            "block_text_2": "RED",
            "block_link_2": "https:\/\/concept-theme.myshopify.com\/collections\/voluptatem-accusantium-1?filter.v.option.color=Tomato&min=0&max=399&filter.v.price.gte=&filter.v.price.lte=&sort_by=manual\/?_ab=0&_fd=0&_sc=1&preview_theme_id=139085644015",
            "colors_background_3": "#ff9356",
            "gradient_background_3": "",
            "block_text_3": "ORANGE",
            "block_link_3": "https:\/\/concept-theme.myshopify.com\/collections\/voluptatem-accusantium-1?filter.v.option.color=DarkOrange&min=0&max=399&filter.v.price.gte=&filter.v.price.lte=&sort_by=manual\/?_ab=0&_fd=0&_sc=1&preview_theme_id=139085644015",
            "colors_background_4": "#ffda56",
            "gradient_background_4": "",
            "block_text_4": "YELLOW",
            "block_link_4": "https:\/\/concept-theme.myshopify.com\/collections\/voluptatem-accusantium-1?filter.v.option.color=Gold&min=0&max=399&filter.v.price.gte=&filter.v.price.lte=&sort_by=manual\/?_ab=0&_fd=0&_sc=1&preview_theme_id=139085644015",
            "colors_background_5": "#4ad972",
            "gradient_background_5": "",
            "block_text_5": "GREEN",
            "block_link_5": "https:\/\/concept-theme.myshopify.com\/collections\/voluptatem-accusantium-1?filter.v.option.color=LimeGreen&min=0&max=399&filter.v.price.gte=&filter.v.price.lte=&sort_by=manual\/?_ab=0&_fd=0&_sc=1&preview_theme_id=139085644015",
            "colors_background_6": "#45a1d6",
            "gradient_background_6": "",
            "block_text_6": "BLUE",
            "block_link_6": "https:\/\/concept-theme.myshopify.com\/collections\/voluptatem-accusantium-1?filter.v.option.color=DodgerBlue&min=0&max=399&filter.v.price.gte=&filter.v.price.lte=&sort_by=manual\/?_ab=0&_fd=0&_sc=1&preview_theme_id=139085644015",
            "colors_background_7": "#000000",
            "gradient_background_7": "",
            "block_text_7": "BLACK",
            "block_link_7": "https:\/\/concept-theme.myshopify.com\/collections\/voluptatem-accusantium-1?filter.v.option.color=Black&min=0&max=399&filter.v.price.gte=&filter.v.price.lte=&sort_by=manual\/?_ab=0&_fd=0&_sc=1&preview_theme_id=139085644015",
            "colors_background_8": "",
            "gradient_background_8": "linear-gradient(180deg, rgba(240, 240, 240, 1), rgba(107, 107, 107, 1) 100%)",
            "block_text_8": "SILVER",
            "block_link_8": "",
            "colors_background_9": "",
            "gradient_background_9": "linear-gradient(180deg, rgba(255, 246, 234, 1), rgba(175, 151, 64, 1) 100%)",
            "block_text_9": "GOLD",
            "block_link_9": "",
            "block_image_10": "shopify:\/\/shop_images\/multis.png",
            "colors_background_10": "",
            "gradient_background_10": "",
            "block_text_10": "MULTI",
            "block_link_10": ""
          }
        },
        "3c217f06-36dd-4c9d-a2ae-9135e21dd45d": {
          "type": "option",
          "settings": {
            "option_heading": "or you refer a fabric?",
            "option_link_label": "Shop by fabric",
            "option_link": "shopify:\/\/collections\/voluptatem-accusantium",
            "custom_block_rouded": 18,
            "block_image_1": "shopify:\/\/shop_images\/red_ranining.png",
            "colors_background_1": "",
            "gradient_background_1": "",
            "block_text_1": "RED RANINING",
            "block_link_1": "https:\/\/concept-theme.myshopify.com\/collections\/voluptatem-accusantium-1?filter.v.option.color=Redranining&min=0&max=399&filter.v.price.gte=&filter.v.price.lte=&sort_by=manual\/?_ab=0&_fd=0&_sc=1&preview_theme_id=139085644015",
            "block_image_2": "shopify:\/\/shop_images\/floral.png",
            "colors_background_2": "",
            "gradient_background_2": "",
            "block_text_2": "FLORAL",
            "block_link_2": "https:\/\/concept-theme.myshopify.com\/collections\/voluptatem-accusantium-1?filter.v.option.color=Floral&min=0&max=399&filter.v.price.gte=&filter.v.price.lte=&sort_by=manual\/?_ab=0&_fd=0&_sc=1&preview_theme_id=139085644015",
            "block_image_3": "shopify:\/\/shop_images\/cyberpink.png",
            "colors_background_3": "",
            "gradient_background_3": "",
            "block_text_3": "CYBERPINK",
            "block_link_3": "https:\/\/concept-theme.myshopify.com\/collections\/voluptatem-accusantium-1?filter.v.option.color=Cyberpink&min=0&max=399&filter.v.price.gte=&filter.v.price.lte=&sort_by=manual\/?_ab=0&_fd=0&_sc=1&preview_theme_id=139085644015",
            "block_image_4": "shopify:\/\/shop_images\/waves.png",
            "colors_background_4": "",
            "gradient_background_4": "",
            "block_text_4": "WAVES",
            "block_link_4": "",
            "block_image_5": "shopify:\/\/shop_images\/granniest.png",
            "colors_background_5": "",
            "gradient_background_5": "",
            "block_text_5": "GRANNIEST",
            "block_link_5": "https:\/\/concept-theme.myshopify.com\/collections\/voluptatem-accusantium-1?filter.v.option.color=Granniest&min=0&max=399&filter.v.price.gte=&filter.v.price.lte=&sort_by=manual\/?_ab=0&_fd=0&_sc=1&preview_theme_id=139085644015",
            "block_image_6": "shopify:\/\/shop_images\/mixies.png",
            "colors_background_6": "",
            "gradient_background_6": "",
            "block_text_6": "MIXIES",
            "block_link_6": "https:\/\/concept-theme.myshopify.com\/collections\/voluptatem-accusantium-1?filter.v.option.color=Mixies&min=0&max=399&filter.v.price.gte=&filter.v.price.lte=&sort_by=manual\/?_ab=0&_fd=0&_sc=1&preview_theme_id=139085644015",
            "block_image_7": "shopify:\/\/shop_images\/wooled_ties.png",
            "colors_background_7": "",
            "gradient_background_7": "linear-gradient(90deg, rgba(246, 238, 227, 1), rgba(223, 244, 247, 1) 100%)",
            "block_text_7": "WOOLED TIES",
            "block_link_7": "https:\/\/concept-theme.myshopify.com\/collections\/voluptatem-accusantium-1?filter.v.option.color=Wooledties&min=0&max=399&filter.v.price.gte=&filter.v.price.lte=&sort_by=manual\/?_ab=0&_fd=0&_sc=1&preview_theme_id=139085644015",
            "block_image_8": "shopify:\/\/shop_images\/dream_catcher.png",
            "colors_background_8": "",
            "gradient_background_8": "",
            "block_text_8": "DREAM CATCHER",
            "block_link_8": "https:\/\/concept-theme.myshopify.com\/collections\/voluptatem-accusantium-1?filter.v.option.color=Dreamcatcher&min=0&max=399&filter.v.price.gte=&filter.v.price.lte=&sort_by=manual\/?_ab=0&_fd=0&_sc=1&preview_theme_id=139085644015",
            "block_image_9": "shopify:\/\/shop_images\/zebra.png",
            "colors_background_9": "",
            "gradient_background_9": "",
            "block_text_9": "ZEBRA",
            "block_link_9": "https:\/\/concept-theme.myshopify.com\/collections\/voluptatem-accusantium-1?filter.v.option.color=Zebra&min=0&max=399&filter.v.price.gte=&filter.v.price.lte=&sort_by=manual\/?_ab=0&_fd=0&_sc=1&preview_theme_id=139085644015",
            "colors_background_10": "",
            "gradient_background_10": "",
            "block_text_10": "",
            "block_link_10": ""
          }
        }
      },
      "block_order": [
        "e297e51f-a64e-4264-b647-c07d4556a1bc",
        "3c217f06-36dd-4c9d-a2ae-9135e21dd45d"
      ],
      "settings": {
        "section_width": "page-width",
        "customize_width": 1200,
        "heading": "FIRST-TIMER?",
        "heading_size": "xx-large",
        "text": "<p>WE’VE GOT YOU COVERED<\/p>",
        "text_size": "x-small",
        "text_alignment": "center",
        "margin_bottom": 100,
        "options_heading_size": "medium",
        "heading_margin_bottom": 80,
        "options_text_size": "x-small",
        "link_margin_top": 88,
        "color_scheme": "background-2",
        "text_animation": "none",
        "padding_top": 100,
        "padding_bottom": 100,
        "padding_top_mobile": 60,
        "padding_bottom_mobile": 50
      }
    },
    "e7e5b3db-0c8b-422a-81c6-d1baabb092c7": {
      "type": "collection-with-bundle",
      "blocks": {
        "b71a5d86-faea-438d-93c9-6cf26c5b89dc": {
          "type": "slide",
          "settings": {
            "collection": "occaecat-cupidatat-proident-set",
            "product_list": [

            ],
            "image": "shopify:\/\/shop_images\/pillow-bed-2.jpg"
          }
        },
        "bad4f018-ebd7-41e7-b429-d9f56347ede4": {
          "type": "slide",
          "settings": {
            "collection": "",
            "product_list": [
              "occaecat-cupidatat-non-proident-sunt-in-culpa",
              "occaecat-cupidatat-non-proident-sunt-in-culpa-17",
              "occaecat-cupidatat-non-proident-sunt-in-culpa-14",
              "occaecat-cupidatat-non-proident-sunt-in-culpa-12"
            ],
            "image": "shopify:\/\/shop_images\/pillow-bed-3.jpg"
          }
        },
        "b566e80e-079c-440b-a270-0fa27140198d": {
          "type": "slide",
          "settings": {
            "collection": "",
            "product_list": [

            ],
            "image": "shopify:\/\/shop_images\/pillow-bed-6.jpg"
          }
        },
        "6d5a765d-a189-40e1-a20e-15b6e38ab3db": {
          "type": "slide",
          "settings": {
            "collection": "",
            "product_list": [

            ],
            "image": "shopify:\/\/shop_images\/pillow-bed-5.jpg"
          }
        },
        "21c78ef9-b827-445c-afb9-09e1dd478ef5": {
          "type": "slide",
          "settings": {
            "collection": "",
            "product_list": [

            ],
            "image": "shopify:\/\/shop_images\/pillow-bed-7.jpg"
          }
        },
        "504eecf8-03c2-4ac8-b4a3-b21c7b5f01c5": {
          "type": "slide",
          "settings": {
            "collection": "consequuntur-magni-dolores",
            "product_list": [

            ],
            "image": "shopify:\/\/shop_images\/pillow-bed-1.jpg"
          }
        }
      },
      "block_order": [
        "b71a5d86-faea-438d-93c9-6cf26c5b89dc",
        "bad4f018-ebd7-41e7-b429-d9f56347ede4",
        "b566e80e-079c-440b-a270-0fa27140198d",
        "6d5a765d-a189-40e1-a20e-15b6e38ab3db",
        "21c78ef9-b827-445c-afb9-09e1dd478ef5",
        "504eecf8-03c2-4ac8-b4a3-b21c7b5f01c5"
      ],
      "settings": {
        "section_width": "page-width",
        "customize_width": 1800,
        "heading": "Ready-to-go Sets",
        "heading_size": "default",
        "text": "<p>JUST GRAB OUR BEST PREPARED SETS<\/p>",
        "text_size": "x-small",
        "text_alignment": "center",
        "content_margin_bottom": 97,
        "carousel_gap": 25,
        "arrows_type": "lg",
        "carousel_infinite_scroll": true,
        "color_scheme": "",
        "use_custom_color": false,
        "colors_text": "#424242",
        "colors_background": "",
        "gradient_background": "linear-gradient(90deg, rgba(246, 238, 227, 1), rgba(223, 244, 247, 1) 100%)",
        "padding_top": 100,
        "padding_bottom": 25,
        "padding_top_mobile": 50,
        "padding_bottom_mobile": 0
      }
    },
    "27da2c48-2c6a-483e-b173-2643504dab30": {
      "type": "brand-list",
      "blocks": {
        "template--17244680159471__27da2c48-2c6a-483e-b173-2643504dab30-brand-1": {
          "type": "brand",
          "settings": {
            "image": "shopify:\/\/shop_images\/Brand-1_971c9a8f-94f2-4fa1-8f8d-b4364a8f9ddb.png",
            "link": ""
          }
        },
        "template--17244680159471__27da2c48-2c6a-483e-b173-2643504dab30-brand-2": {
          "type": "brand",
          "settings": {
            "image": "shopify:\/\/shop_images\/Brand-2_264ddfbd-60cd-4844-8204-bdcbb9a572c2.png",
            "link": ""
          }
        },
        "template--17244680159471__27da2c48-2c6a-483e-b173-2643504dab30-brand-3": {
          "type": "brand",
          "settings": {
            "image": "shopify:\/\/shop_images\/Brand-3_1b874526-ac85-40c0-a92a-ad77358af350.png",
            "link": ""
          }
        },
        "template--17244680159471__27da2c48-2c6a-483e-b173-2643504dab30-brand-4": {
          "type": "brand",
          "settings": {
            "image": "shopify:\/\/shop_images\/Brand-4.png",
            "link": ""
          }
        },
        "template--17244680159471__27da2c48-2c6a-483e-b173-2643504dab30-brand-5": {
          "type": "brand",
          "settings": {
            "image": "shopify:\/\/shop_images\/Brand-5.png",
            "link": ""
          }
        },
        "template--17244680159471__27da2c48-2c6a-483e-b173-2643504dab30-brand-6": {
          "type": "brand",
          "settings": {
            "image": "shopify:\/\/shop_images\/Brand-4.png",
            "link": ""
          }
        },
        "caefcf56-2e07-4272-acf2-d6e0e539ce3a": {
          "type": "brand",
          "settings": {
            "image": "shopify:\/\/shop_images\/Brand-5.png",
            "link": ""
          }
        },
        "c3d85eaf-0abc-473e-ac6d-bd819063cd21": {
          "type": "brand",
          "settings": {
            "image": "shopify:\/\/shop_images\/Brand-6.png",
            "link": ""
          }
        },
        "442e63dc-b6e4-4dee-91aa-ca31c32bfb11": {
          "type": "brand",
          "settings": {
            "image": "shopify:\/\/shop_images\/Brand-1_971c9a8f-94f2-4fa1-8f8d-b4364a8f9ddb.png",
            "link": ""
          }
        },
        "d6b0e282-750e-4d63-b10e-de16b270075d": {
          "type": "brand",
          "settings": {
            "image": "shopify:\/\/shop_images\/Brand-2_264ddfbd-60cd-4844-8204-bdcbb9a572c2.png",
            "link": ""
          }
        }
      },
      "block_order": [
        "template--17244680159471__27da2c48-2c6a-483e-b173-2643504dab30-brand-1",
        "template--17244680159471__27da2c48-2c6a-483e-b173-2643504dab30-brand-2",
        "template--17244680159471__27da2c48-2c6a-483e-b173-2643504dab30-brand-3",
        "template--17244680159471__27da2c48-2c6a-483e-b173-2643504dab30-brand-4",
        "template--17244680159471__27da2c48-2c6a-483e-b173-2643504dab30-brand-5",
        "template--17244680159471__27da2c48-2c6a-483e-b173-2643504dab30-brand-6",
        "caefcf56-2e07-4272-acf2-d6e0e539ce3a",
        "c3d85eaf-0abc-473e-ac6d-bd819063cd21",
        "442e63dc-b6e4-4dee-91aa-ca31c32bfb11",
        "d6b0e282-750e-4d63-b10e-de16b270075d"
      ],
      "settings": {
        "section_width": "customized-width",
        "customize_width": 1600,
        "title": "",
        "title_size": "medium",
        "colors_title": "#666666",
        "content": "<p>Favourite Brands<\/p>",
        "content_size": "large",
        "content_margin_bottom": 65,
        "text_view_all": "Shop all Brands",
        "primary_text_link": "shopify:\/\/pages\/brands",
        "button_transparent": "default",
        "button_margin_top": 50,
        "type_display": "grid",
        "enable_pagination_type": "all",
        "pagination_type": "dots",
        "pagination_spacing_top": 50,
        "carousel_number": 5,
        "carousel_number_tablet": 3,
        "carousel_number_mobile": 1,
        "color_scheme": "",
        "use_custom_color": false,
        "colors_background": "",
        "gradient_background": "linear-gradient(90deg, rgba(246, 238, 227, 1), rgba(223, 244, 247, 1) 100%)",
        "image_animation": "none",
        "padding_top": 100,
        "padding_bottom": 100,
        "padding_top_mobile": 50,
        "padding_bottom_mobile": 50
      }
    },
    "1d17e348-74b2-4411-b99d-a17e3f657f89": {
      "type": "quotes",
      "blocks": {
        "7a4e819d-2f37-4445-930e-729278eb6456": {
          "type": "heading",
          "settings": {
            "heading": "Some Endorsements",
            "heading_size": "large",
            "heading_margin_top": 0,
            "heading_margin_bottom": 1,
            "text": "<p>SOME COMMENTS FROM OUR HAPPY CUSTOMERS<\/p>",
            "text_size": "x-small",
            "text_margin_top": 0,
            "text_margin_bottom": 30,
            "text_alignment": "left",
            "text_view_all": "View all",
            "url_view_all": "shopify:\/\/collections\/all"
          }
        },
        "template--17257503359215__1d17e348-74b2-4411-b99d-a17e3f657f89-slide-1": {
          "type": "slide",
          "settings": {
            "block_content_max_w": "full",
            "custom_content_max_w": 650,
            "text": "“ Comfy yet firm. Perfect for all sleeping positions. \nIt quite literally molds to your head. It is very comfortable. I would highly recommend it. ”",
            "heading_font": "font-body",
            "text_size": "x-small",
            "text_margin_bottom": 16,
            "avatar": "shopify:\/\/shop_images\/logo-a.png",
            "use_custom_size_avatar": true,
            "custom_size_avatar": 70,
            "info": "<p>Amelia S.<\/p>",
            "info_size": "h3",
            "rating": "5",
            "text_alignment": "left",
            "time": "09\/16\/23",
            "colors_background": "#f6edee"
          }
        },
        "50ae3f2a-532e-4918-ae1a-989e0bc6e069": {
          "type": "slide",
          "settings": {
            "block_content_max_w": "full",
            "custom_content_max_w": 650,
            "text": "“ We have been waiting for the sale to get these pillows. We have a king size bed and the pillows are fantastic and we extremely happy with our purchase! ”",
            "heading_font": "font-body",
            "text_size": "xx-small",
            "text_margin_bottom": 16,
            "use_custom_size_avatar": false,
            "custom_size_avatar": 40,
            "info": "<p>Marlene J.<\/p>",
            "info_size": "h3",
            "rating": "4",
            "text_alignment": "left",
            "time": "08\/31\/23",
            "colors_background": "#f6edee"
          }
        },
        "b11f53a3-0306-49ec-b084-55fa9e791540": {
          "type": "slide",
          "settings": {
            "block_content_max_w": "full",
            "custom_content_max_w": 650,
            "text": "“ I bought this pillow about 6 years ago and now again 2 more last month. I have never once woken up with a stiff neck”",
            "heading_font": "font-body",
            "text_size": "xx-small",
            "text_margin_bottom": 16,
            "use_custom_size_avatar": false,
            "custom_size_avatar": 40,
            "info": "<p>Dawn A.<\/p>",
            "info_size": "h3",
            "rating": "5",
            "text_alignment": "left",
            "time": "09\/29\/23",
            "colors_background": "#f6edee"
          }
        }
      },
      "block_order": [
        "7a4e819d-2f37-4445-930e-729278eb6456",
        "template--17257503359215__1d17e348-74b2-4411-b99d-a17e3f657f89-slide-1",
        "50ae3f2a-532e-4918-ae1a-989e0bc6e069",
        "b11f53a3-0306-49ec-b084-55fa9e791540"
      ],
      "settings": {
        "type_style": "grid",
        "section_width": "customized-width",
        "customize_width": 1570,
        "arrows_type": "all",
        "carousel_infinite_scroll": true,
        "enable_autoplay": false,
        "change_slides_speed": 5,
        "enable_pagination_type": "all",
        "pagination_type": "dots",
        "pagination_spacing_top": 50,
        "color_scheme": "",
        "use_custom_color": false,
        "colors_text": "#424242",
        "colors_background": "",
        "gradient_background": "linear-gradient(90deg, rgba(246, 238, 227, 1), rgba(223, 244, 247, 1) 100%)",
        "padding_top": 72,
        "padding_bottom": 100,
        "padding_top_mobile": 32,
        "padding_bottom_mobile": 50
      }
    },
    "faf379ae-9885-4b52-9b71-69b6471be496": {
      "type": "newsletter",
      "blocks": {
        "template--17244680159471__faf379ae-9885-4b52-9b71-69b6471be496-heading-1": {
          "type": "heading",
          "settings": {
            "show_line_separator_top": false,
            "heading": "Join our mail list",
            "heading_size": "medium",
            "heading_margin_bottom": 10,
            "description": "<p>CLAIM UP TO 30% OFF YOUR ORDER<\/p>",
            "description_size": "x-small",
            "text_margin_bottom": 0,
            "text_link": "",
            "primary_text_link": "",
            "padding_top": 0,
            "padding_bottom": 44
          }
        },
        "template--17244680159471__faf379ae-9885-4b52-9b71-69b6471be496-email_form-1": {
          "type": "email_form",
          "settings": {
            "description": "",
            "description_size": "medium",
            "text": "Subscribe now",
            "button_transparent": "default",
            "show_email": true,
            "padding_top": 0,
            "padding_bottom": 48
          }
        },
        "ad7f1f18-473c-4f0b-af96-41bd4988e034": {
          "type": "heading",
          "settings": {
            "show_line_separator_top": true,
            "heading": "Refer a friend",
            "heading_size": "medium",
            "heading_margin_bottom": 0,
            "description": "<p>GIVE 30% OFF - GET 30% OFF<\/p>",
            "description_size": "x-small",
            "text_margin_bottom": 35,
            "text_link": "Learn more",
            "primary_text_link": "shopify:\/\/blogs\/blog",
            "padding_top": 38,
            "padding_bottom": 18
          }
        }
      },
      "block_order": [
        "template--17244680159471__faf379ae-9885-4b52-9b71-69b6471be496-heading-1",
        "template--17244680159471__faf379ae-9885-4b52-9b71-69b6471be496-email_form-1",
        "ad7f1f18-473c-4f0b-af96-41bd4988e034"
      ],
      "settings": {
        "type_style": "modern",
        "section_width": "page-width",
        "customize_width": 1800,
        "custom_rouded": true,
        "custom_block_rouded": 30,
        "image": "shopify:\/\/shop_images\/newsletter-banner-dreamy.jpg",
        "full_width": false,
        "text_alignment": "left",
        "text_alignment_mobile": "center",
        "use_custom_colors_background_content": true,
        "colors_background_content": "#f8f8f8",
        "color_scheme": "accent-2",
        "use_custom_color": false,
        "colors_text": "#424242",
        "colors_background": "#f6eee3",
        "gradient_background": "",
        "padding_top": 50,
        "padding_bottom": 80,
        "padding_top_mobile": 25,
        "padding_bottom_mobile": 41
      }
    }
  },
  "order": [
    "d60b9143-a54d-4b10-b084-eeb855a7ef00",
    "d02d8fc7-fd98-4045-a9f6-d19edd4e8422",
    "72061384-ec94-4ebb-b65d-b798586990f4",
    "66801c89-2f21-4484-bcc2-e5ff27ef7517",
    "f10e3fe2-6345-4096-8f8f-dcc76bea4e98",
    "c971eff9-35a2-4e10-a781-d8885125662c",
    "05ccb7dd-231e-4776-8ee2-4543556c223f",
    "e7e5b3db-0c8b-422a-81c6-d1baabb092c7",
    "27da2c48-2c6a-483e-b173-2643504dab30",
    "1d17e348-74b2-4411-b99d-a17e3f657f89",
    "faf379ae-9885-4b52-9b71-69b6471be496"
  ]
}