{
  "current": {
    "link_type": "line",
    "link_color_type": "custom-color",
    "custom_color_link": "#64e1ad",
    "button_type": "standard",
    "button_icon": "arrow",
    "button_style": "ripple",
    "arrow_style": "dreamy",
    "rounding_block": 20,
    "cart_colors_text": "#000000",
    "cart_colors_background": "#FFFFFF",
    "cart_gradient_background": "#FFFFFF",
    "colors_default_price": "#202020",
    "colors_sale_price": "#19a96d",
    "colors_rating": "#cebfa1",
    "sale_badge_colors_text": "#606060",
    "sale_badge_colors_background": "#bbffce",
    "sold_out_badge_colors_text": "#606060",
    "sold_out_badge_colors_background": "#bbfbff",
    "social_media_colors_text": "#404040",
    "social_media_gradient_background": "linear-gradient(-45deg, rgba(187, 251, 255, 1), rgba(187, 255, 206, 1) 100%)",
    "type_header_font": "modern_no_20_n4",
    "heading_size_step": 10,
    "heading_size_desktop": 50,
    "heading_size_tablet": 30,
    "heading_size_mobile": 18,
    "heading_size": "large",
    "type_body_font": "din_next_n4",
    "body_size_desktop": 18,
    "body_size_mobile": 14,
    "text_size": "medium",
    "layout_width": "full-width",
    "page_width": 1800,
    "padding_full_width": 75,
    "spacing_grid_horizontal": 15,
    "spacing_grid_vertical": 15,
    "enable_animated_cursor": true,
    "colors_animated_cursor": "#26dc90",
    "animations_hover_elements": "3d-lift",
    "buttons_font_size": 18,
    "buttons_font_weight": "semibold",
    "buttons_border_thickness": 1,
    "buttons_border_opacity": 100,
    "buttons_radius": 40,
    "buttons_shadow_opacity": 20,
    "buttons_shadow_horizontal_offset": 0,
    "buttons_shadow_vertical_offset": 2,
    "buttons_shadow_blur": 5,
    "variant_pills_border_thickness": 3,
    "variant_pills_border_opacity": 100,
    "variant_pills_radius": 6,
    "variant_pills_shadow_opacity": 0,
    "variant_pills_shadow_horizontal_offset": 0,
    "variant_pills_shadow_vertical_offset": 4,
    "variant_pills_shadow_blur": 5,
    "inputs_border_thickness": 1,
    "inputs_border_opacity": 20,
    "inputs_radius": 14,
    "inputs_shadow_opacity": 0,
    "inputs_shadow_horizontal_offset": 0,
    "inputs_shadow_vertical_offset": 4,
    "inputs_shadow_blur": 5,
    "product_cards_style": "advanced-default",
    "card_image_ratio": "square",
    "use_custom_color": true,
    "card_button_text_size": "small",
    "card_button_type": "default",
    "show_secondary_image": false,
    "show_vendor_product": true,
    "show_rating_product": false,
    "enable_quick_add": true,
    "show_swatch": true,
    "show_wishlist": true,
    "show_rating_mobile": false,
    "show_swatch_mobile": true,
    "show_wishlist_mobile": true,
    "show_product_discounts": true,
    "discounts_colors_text": "#19a96d",
    "discounts_text_size": "small",
    "media_border_thickness": 1,
    "media_border_opacity": 5,
    "media_radius": 0,
    "media_shadow_horizontal_offset": 0,
    "media_shadow_vertical_offset": 4,
    "media_shadow_blur": 5,
    "popup_border_thickness": 1,
    "popup_border_opacity": 10,
    "popup_corner_radius": 0,
    "popup_shadow_opacity": 0,
    "popup_shadow_horizontal_offset": 0,
    "popup_shadow_vertical_offset": 4,
    "popup_shadow_blur": 5,
    "drawer_border_thickness": 1,
    "drawer_border_opacity": 10,
    "drawer_shadow_opacity": 0,
    "drawer_shadow_horizontal_offset": 0,
    "drawer_shadow_vertical_offset": 4,
    "drawer_shadow_blur": 5,
    "badge_font_size": 14,
    "badge_transform": "capitalize",
    "badge_position": "top left",
    "badge_corner_radius": 40,
    "badge_horizontal_distance": 10,
    "badge_vertical_distance": 9,
    "badge_horizontal_thickness": 20,
    "badge_vertical_thickness": 4,
    "social_facebook_link": "https:\/\/facebook.com\/shopify",
    "social_instagram_link": "http:\/\/instagram.com\/shopify",
    "social_youtube_link": "https:\/\/www.youtube.com\/shopify",
    "social_tiktok_link": "https:\/\/tiktok.com\/@shopify",
    "social_twitter_link": "https:\/\/twitter.com\/shopify",
    "social_snapchat_link": "",
    "social_pinterest_link": "https:\/\/pinterest.com\/shopify",
    "social_tumblr_link": "",
    "social_vimeo_link": "",
    "predictive_search_enabled": true,
    "predictive_search_show_vendor": true,
    "predictive_search_show_price": true,
    "currency_code_enabled": true,
    "cart_type": "drawer",
    "show_vendor": false,
    "show_cart_note": true,
    "cart_color_scheme": "background-1",
    "checkout_color_scheme": "background-1",
    "view_cart_color_scheme": "scheme-06080b3f-4cd8-4a34-99a2-b3f3ed18987c",
    "continue_shopping_color_scheme": "background-1",
    "login_color_scheme": "background-1",
    "sign_in_color_scheme": "background-1",
    "create_account_color_scheme": "scheme-06080b3f-4cd8-4a34-99a2-b3f3ed18987c",
    "multitasking_secondary_button_label": "#ffffff",
    "multitasking_secondary_button_background": "#19a96d",
    "enable_following_cursor": true,
    "colors_following_cursor": "#26dc90",
    "multitasking_bar_style": "special",
    "heading_scale": 100,
    "body_scale": 100,
    "preloading_screen_logo": "shopify:\/\/shop_images\/concept-logo_5f74b6f0-f224-434d-a796-b8cad5d7659e.png",
    "preloading_screen_logo_width": 180,
    "colors_text": "#121212",
    "button_colors_text": "#FFFFFF",
    "button_colors_background": "#121212",
    "logo": "shopify:\/\/shop_images\/concept-logo_5f74b6f0-f224-434d-a796-b8cad5d7659e.png",
    "logo_width": 90,
    "spacing_sections": 0,
    "blog_card_style": "standard",
    "blog_card_image_padding": 0,
    "blog_card_text_alignment": "left",
    "blog_card_color_scheme": "background-2",
    "blog_card_border_thickness": 0,
    "blog_card_border_opacity": 10,
    "blog_card_corner_radius": 0,
    "blog_card_shadow_opacity": 0,
    "blog_card_shadow_horizontal_offset": 0,
    "blog_card_shadow_vertical_offset": 4,
    "blog_card_shadow_blur": 5,
    "text_boxes_border_thickness": 0,
    "text_boxes_border_opacity": 10,
    "text_boxes_radius": 0,
    "text_boxes_shadow_opacity": 0,
    "text_boxes_shadow_horizontal_offset": 0,
    "text_boxes_shadow_vertical_offset": 4,
    "text_boxes_shadow_blur": 5,
    "media_shadow_opacity": 0,
    "collection_card_style": "standard",
    "collection_card_image_padding": 0,
    "collection_card_text_alignment": "left",
    "collection_card_color_scheme": "background-2",
    "collection_card_border_thickness": 0,
    "collection_card_border_opacity": 10,
    "collection_card_corner_radius": 0,
    "collection_card_shadow_opacity": 0,
    "collection_card_shadow_horizontal_offset": 0,
    "collection_card_shadow_vertical_offset": 4,
    "collection_card_shadow_blur": 5,
    "sale_badge_color_scheme": "accent-2",
    "sold_out_badge_color_scheme": "inverse",
    "card_image_padding": 0,
    "card_text_alignment": "left",
    "card_border_thickness": 0,
    "card_border_opacity": 10,
    "card_corner_radius": 0,
    "card_shadow_opacity": 0,
    "card_shadow_horizontal_offset": 0,
    "card_shadow_vertical_offset": 4,
    "card_shadow_blur": 5,
    "card_style": "standard",
    "card_color_scheme": "background-2",
    "accent_icons": "text",
    "brand_headline": "",
    "brand_description": "<p><\/p>",
    "brand_image_width": 100,
    "colors_solid_button_labels": "#ffffff",
    "colors_accent_1": "#121212",
    "gradient_accent_1": "",
    "colors_accent_2": "#334fb4",
    "gradient_accent_2": "",
    "colors_outline_button_labels": "#121212",
    "colors_background_1": "#ffffff",
    "gradient_background_1": "",
    "colors_background_2": "#f3f3f3",
    "gradient_background_2": "",
    "cart_drawer_collection": "",
    "sections": {
      "main-password-header": {
        "type": "main-password-header",
        "settings": {
          "logo": "shopify:\/\/shop_images\/concept-logo_5f74b6f0-f224-434d-a796-b8cad5d7659e.png",
          "logo_max_width": 180
        }
      },
      "main-password-footer": {
        "type": "main-password-footer",
        "settings": {
        }
      }
    },
    "content_for_index": [

    ],
    "blocks": {
      "13768625480086291342": {
        "type": "shopify:\/\/apps\/forms\/blocks\/forms\/8744a304-fcb1-4347-b211-bb6b4759a76a",
        "disabled": true,
        "settings": {
        }
      }
    },
    "color_schemes": {
      "background-1": {
        "settings": {
          "text": "#202020",
          "text_link": "#404040",
          "background": "#f8f8f8",
          "background_gradient": "",
          "button_label": "#404040",
          "button_background": "#ffffff",
          "button_gradient": "",
          "secondary_button_label": "#ffffff",
          "secondary_button_background": "#64e1ad",
          "secondary_button_gradient": "",
          "arrow": "#404040",
          "arrow_background": "#ffffff",
          "arrow_gradient": "",
          "secondary_arrow": "#ffffff",
          "secondary_arrow_background": "#64e1ad",
          "secondary_arrow_gradient": "",
          "shadow": "#000000"
        }
      },
      "background-2": {
        "settings": {
          "text": "#ffffff",
          "text_link": "#808080",
          "background": "#101010",
          "background_gradient": "",
          "button_label": "#ffffff",
          "button_background": "#2a0e2a",
          "button_gradient": "",
          "secondary_button_label": "#2a0e2a",
          "secondary_button_background": "#ffffff",
          "secondary_button_gradient": "",
          "arrow": "#121212",
          "arrow_background": "rgba(0,0,0,0)",
          "arrow_gradient": "",
          "secondary_arrow": "#ffffff",
          "secondary_arrow_background": "#121212",
          "secondary_arrow_gradient": "",
          "shadow": "#ffffff"
        }
      },
      "inverse": {
        "settings": {
          "text": "#202020",
          "text_link": "#404040",
          "background": "#ffffff",
          "background_gradient": "",
          "button_label": "#404040",
          "button_background": "#ffffff",
          "button_gradient": "",
          "secondary_button_label": "#ffffff",
          "secondary_button_background": "#64e1ad",
          "secondary_button_gradient": "",
          "arrow": "#404040",
          "arrow_background": "#ffffff",
          "arrow_gradient": "",
          "secondary_arrow": "#ffffff",
          "secondary_arrow_background": "#64e1ad",
          "secondary_arrow_gradient": "",
          "shadow": "#000000"
        }
      },
      "accent-1": {
        "settings": {
          "text": "#ffffff",
          "text_link": "#ffffff",
          "background": "rgba(0,0,0,0)",
          "background_gradient": "",
          "button_label": "#404040",
          "button_background": "#ffffff",
          "button_gradient": "",
          "secondary_button_label": "#404040",
          "secondary_button_background": "#ffffff",
          "secondary_button_gradient": "",
          "arrow": "#404040",
          "arrow_background": "#ffffff",
          "arrow_gradient": "",
          "secondary_arrow": "#ffffff",
          "secondary_arrow_background": "#64e1ad",
          "secondary_arrow_gradient": "",
          "shadow": "#121212"
        }
      },
      "accent-2": {
        "settings": {
          "text": "#202020",
          "text_link": "#404040",
          "background": "#f8f8f8",
          "background_gradient": "",
          "button_label": "#ffffff",
          "button_background": "#101010",
          "button_gradient": "",
          "secondary_button_label": "#ffffff",
          "secondary_button_background": "#606060",
          "secondary_button_gradient": "",
          "arrow": "#121212",
          "arrow_background": "#ffffff",
          "arrow_gradient": "",
          "secondary_arrow": "#ffffff",
          "secondary_arrow_background": "#121212",
          "secondary_arrow_gradient": "",
          "shadow": "rgba(0,0,0,0)"
        }
      },
      "scheme-e94a4594-64f3-42bb-a31b-10c10561dcd9": {
        "settings": {
          "text": "#202020",
          "text_link": "#404040",
          "background": "#ffffff",
          "background_gradient": "",
          "button_label": "#202020",
          "button_background": "#c8ffe8",
          "button_gradient": "",
          "secondary_button_label": "#202020",
          "secondary_button_background": "#64e1ad",
          "secondary_button_gradient": "",
          "arrow": "#404040",
          "arrow_background": "#ffffff",
          "arrow_gradient": "",
          "secondary_arrow": "#ffffff",
          "secondary_arrow_background": "#64e1ad",
          "secondary_arrow_gradient": "",
          "shadow": "#000000"
        }
      }
    }
  },
  "presets": {
    "Default": {
      "logo_width": 90,
      "color_schemes": {
        "background-1": {
          "settings": {
            "background": "#FFFFFF",
            "background_gradient": "",
            "text": "#121212",
            "button": "#121212",
            "button_label": "#FFFFFF",
            "secondary_button_label": "#121212",
            "shadow": "#121212"
          }
        },
        "background-2": {
          "settings": {
            "background": "#F3F3F3",
            "background_gradient": "",
            "text": "#121212",
            "button": "#121212",
            "button_label": "#121212",
            "secondary_button_label": "#121212",
            "shadow": "#121212"
          }
        },
        "inverse": {
          "settings": {
            "background": "#242833",
            "background_gradient": "",
            "text": "#FFFFFF",
            "button": "#FFFFFF",
            "button_label": "#000000",
            "secondary_button_label": "#FFFFFF",
            "shadow": "#121212"
          }
        },
        "accent-1": {
          "settings": {
            "background": "#121212",
            "background_gradient": "",
            "text": "#FFFFFF",
            "button": "#FFFFFF",
            "button_label": "#121212",
            "secondary_button_label": "#FFFFFF",
            "shadow": "#121212"
          }
        },
        "accent-2": {
          "settings": {
            "background": "#334FB4",
            "background_gradient": "",
            "text": "#FFFFFF",
            "button": "#FFFFFF",
            "button_label": "#334FB4",
            "secondary_button_label": "#FFFFFF",
            "shadow": "#121212"
          }
        }
      },
      "type_header_font": "assistant_n4",
      "heading_scale": 100,
      "type_body_font": "assistant_n4",
      "body_scale": 100,
      "page_width": 1200,
      "spacing_sections": 0,
      "spacing_grid_horizontal": 8,
      "spacing_grid_vertical": 8,
      "buttons_border_thickness": 1,
      "buttons_border_opacity": 100,
      "buttons_radius": 0,
      "buttons_shadow_opacity": 0,
      "buttons_shadow_horizontal_offset": 0,
      "buttons_shadow_vertical_offset": 4,
      "buttons_shadow_blur": 5,
      "variant_pills_border_thickness": 1,
      "variant_pills_border_opacity": 55,
      "variant_pills_radius": 40,
      "variant_pills_shadow_opacity": 0,
      "variant_pills_shadow_horizontal_offset": 0,
      "variant_pills_shadow_vertical_offset": 4,
      "variant_pills_shadow_blur": 5,
      "inputs_border_thickness": 1,
      "inputs_border_opacity": 55,
      "inputs_radius": 0,
      "inputs_shadow_opacity": 0,
      "inputs_shadow_horizontal_offset": 0,
      "inputs_shadow_vertical_offset": 4,
      "inputs_shadow_blur": 5,
      "card_style": "standard",
      "card_image_padding": 0,
      "card_text_alignment": "left",
      "card_color_scheme": "background-2",
      "card_border_thickness": 0,
      "card_border_opacity": 10,
      "card_corner_radius": 0,
      "card_shadow_opacity": 0,
      "card_shadow_horizontal_offset": 0,
      "card_shadow_vertical_offset": 4,
      "card_shadow_blur": 5,
      "collection_card_style": "standard",
      "collection_card_image_padding": 0,
      "collection_card_text_alignment": "left",
      "collection_card_color_scheme": "background-2",
      "collection_card_border_thickness": 0,
      "collection_card_border_opacity": 10,
      "collection_card_corner_radius": 0,
      "collection_card_shadow_opacity": 0,
      "collection_card_shadow_horizontal_offset": 0,
      "collection_card_shadow_vertical_offset": 4,
      "collection_card_shadow_blur": 5,
      "blog_card_style": "standard",
      "blog_card_image_padding": 0,
      "blog_card_text_alignment": "left",
      "blog_card_color_scheme": "background-2",
      "blog_card_border_thickness": 0,
      "blog_card_border_opacity": 10,
      "blog_card_corner_radius": 0,
      "blog_card_shadow_opacity": 0,
      "blog_card_shadow_horizontal_offset": 0,
      "blog_card_shadow_vertical_offset": 4,
      "blog_card_shadow_blur": 5,
      "text_boxes_border_thickness": 0,
      "text_boxes_border_opacity": 10,
      "text_boxes_radius": 0,
      "text_boxes_shadow_opacity": 0,
      "text_boxes_shadow_horizontal_offset": 0,
      "text_boxes_shadow_vertical_offset": 4,
      "text_boxes_shadow_blur": 5,
      "media_border_thickness": 1,
      "media_border_opacity": 5,
      "media_radius": 0,
      "media_shadow_opacity": 0,
      "media_shadow_horizontal_offset": 0,
      "media_shadow_vertical_offset": 4,
      "media_shadow_blur": 5,
      "popup_border_thickness": 1,
      "popup_border_opacity": 10,
      "popup_corner_radius": 0,
      "popup_shadow_opacity": 0,
      "popup_shadow_horizontal_offset": 0,
      "popup_shadow_vertical_offset": 4,
      "popup_shadow_blur": 5,
      "drawer_border_thickness": 1,
      "drawer_border_opacity": 10,
      "drawer_shadow_opacity": 0,
      "drawer_shadow_horizontal_offset": 0,
      "drawer_shadow_vertical_offset": 4,
      "drawer_shadow_blur": 5,
      "badge_position": "bottom left",
      "badge_corner_radius": 40,
      "sale_badge_color_scheme": "accent-2",
      "sold_out_badge_color_scheme": "inverse",
      "accent_icons": "text",
      "brand_headline": "",
      "brand_description": "<p><\/p>",
      "brand_image_width": 100,
      "social_twitter_link": "",
      "social_facebook_link": "",
      "social_pinterest_link": "",
      "social_instagram_link": "",
      "social_tiktok_link": "",
      "social_tumblr_link": "",
      "social_snapchat_link": "",
      "social_youtube_link": "",
      "social_vimeo_link": "",
      "predictive_search_enabled": true,
      "predictive_search_show_vendor": false,
      "predictive_search_show_price": false,
      "currency_code_enabled": true,
      "cart_type": "notification",
      "show_vendor": false,
      "show_cart_note": false,
      "cart_drawer_collection": "",
      "sections": {
        "main-password-header": {
          "type": "main-password-header",
          "settings": {
            "logo": "shopify:\/\/shop_images\/concept-logo_5f74b6f0-f224-434d-a796-b8cad5d7659e.png",
            "logo_max_width": 180
          }
        },
        "main-password-footer": {
          "type": "main-password-footer",
          "settings": {
          }
        }
      }
    }
  }
}